/*
Navicat MySQL Data Transfer

Source Server         : localhost
Source Server Version : 50719
Source Host           : localhost:3306
Source Database       : province

Target Server Type    : MYSQL
Target Server Version : 50719
File Encoding         : 65001

Date: 2020-12-14 17:36:34
*/

SET FOREIGN_KEY_CHECKS=0;

-- ----------------------------
-- Table structure for gen_table
-- ----------------------------
DROP TABLE IF EXISTS `gen_table`;
CREATE TABLE `gen_table` (
  `table_id` bigint(20) NOT NULL AUTO_INCREMENT COMMENT '编号',
  `table_name` varchar(200) DEFAULT '' COMMENT '表名称',
  `table_comment` varchar(500) DEFAULT '' COMMENT '表描述',
  `sub_table_name` varchar(64) DEFAULT NULL COMMENT '关联子表的表名',
  `sub_table_fk_name` varchar(64) DEFAULT NULL COMMENT '子表关联的外键名',
  `class_name` varchar(100) DEFAULT '' COMMENT '实体类名称',
  `tpl_category` varchar(200) DEFAULT 'crud' COMMENT '使用的模板（crud单表操作 tree树表操作 sub主子表操作）',
  `package_name` varchar(100) DEFAULT NULL COMMENT '生成包路径',
  `module_name` varchar(30) DEFAULT NULL COMMENT '生成模块名',
  `business_name` varchar(30) DEFAULT NULL COMMENT '生成业务名',
  `function_name` varchar(50) DEFAULT NULL COMMENT '生成功能名',
  `function_author` varchar(50) DEFAULT NULL COMMENT '生成功能作者',
  `gen_type` char(1) DEFAULT '0' COMMENT '生成代码方式（0zip压缩包 1自定义路径）',
  `gen_path` varchar(200) DEFAULT '/' COMMENT '生成路径（不填默认项目路径）',
  `options` varchar(1000) DEFAULT NULL COMMENT '其它生成选项',
  `create_by` varchar(64) DEFAULT '' COMMENT '创建者',
  `create_time` datetime DEFAULT NULL COMMENT '创建时间',
  `update_by` varchar(64) DEFAULT '' COMMENT '更新者',
  `update_time` datetime DEFAULT NULL COMMENT '更新时间',
  `remark` varchar(500) DEFAULT NULL COMMENT '备注',
  `form_cols` char(1) DEFAULT '2' COMMENT '表单列示 1单列 2两列 3三列 4四列',
  PRIMARY KEY (`table_id`)
) ENGINE=InnoDB AUTO_INCREMENT=32 DEFAULT CHARSET=utf8 COMMENT='代码生成业务表';

-- ----------------------------
-- Records of gen_table
-- ----------------------------
INSERT INTO `gen_table` VALUES ('20', 'platf_econ_type', '经济类型', null, null, 'EconType', 'crud', 'com.ruoyi.province.platform', 'platform', 'econtype', '经济类型', 'dalin', '0', '/', '{\"parentMenuId\":\"2001\",\"treeName\":\"\",\"treeParentCode\":\"\",\"parentMenuName\":\"基础设置\",\"treeCode\":\"\"}', 'admin', '2020-12-09 08:52:02', '', '2020-12-14 16:17:55', '', '2');
INSERT INTO `gen_table` VALUES ('31', 'platf_nation', '民族资料 ', null, null, 'Nation', 'crud', 'com.ruoyi.province.platform', 'platform', 'nation', '民族资料 ', 'dalin', '0', '/', null, 'admin', '2020-12-14 17:23:03', '', null, null, '2');

-- ----------------------------
-- Table structure for gen_table_column
-- ----------------------------
DROP TABLE IF EXISTS `gen_table_column`;
CREATE TABLE `gen_table_column` (
  `column_id` bigint(20) NOT NULL AUTO_INCREMENT COMMENT '编号',
  `table_id` varchar(64) DEFAULT NULL COMMENT '归属表编号',
  `column_name` varchar(200) DEFAULT NULL COMMENT '列名称',
  `column_comment` varchar(500) DEFAULT NULL COMMENT '列描述',
  `column_type` varchar(100) DEFAULT NULL COMMENT '列类型',
  `java_type` varchar(500) DEFAULT NULL COMMENT 'JAVA类型',
  `java_field` varchar(200) DEFAULT NULL COMMENT 'JAVA字段名',
  `is_pk` char(1) DEFAULT NULL COMMENT '是否主键（1是）',
  `is_increment` char(1) DEFAULT NULL COMMENT '是否自增（1是）',
  `is_required` char(1) DEFAULT NULL COMMENT '是否必填（1是）',
  `is_insert` char(1) DEFAULT NULL COMMENT '是否为插入字段（1是）',
  `is_edit` char(1) DEFAULT NULL COMMENT '是否编辑字段（1是）',
  `is_list` char(1) DEFAULT NULL COMMENT '是否列表字段（1是）',
  `is_query` char(1) DEFAULT NULL COMMENT '是否查询字段（1是）',
  `query_type` varchar(200) DEFAULT 'EQ' COMMENT '查询方式（等于、不等于、大于、小于、范围）',
  `html_type` varchar(200) DEFAULT NULL COMMENT '显示类型（文本框、文本域、下拉框、复选框、单选框、日期控件）',
  `dict_type` varchar(200) DEFAULT '' COMMENT '字典类型',
  `sort` int(11) DEFAULT NULL COMMENT '排序',
  `create_by` varchar(64) DEFAULT '' COMMENT '创建者',
  `create_time` datetime DEFAULT NULL COMMENT '创建时间',
  `update_by` varchar(64) DEFAULT '' COMMENT '更新者',
  `update_time` datetime DEFAULT NULL COMMENT '更新时间',
  `is_readonly` char(1) DEFAULT NULL COMMENT '是否自读字段（0否 1是）',
  PRIMARY KEY (`column_id`)
) ENGINE=InnoDB AUTO_INCREMENT=232 DEFAULT CHARSET=utf8 COMMENT='代码生成业务表字段';

-- ----------------------------
-- Records of gen_table_column
-- ----------------------------
INSERT INTO `gen_table_column` VALUES ('92', '20', 'econ_id', '主键', 'int(11)', 'Long', 'econId', '1', '1', null, '1', null, null, null, 'EQ', 'input', '', '1', 'admin', '2020-12-09 08:52:02', null, '2020-12-14 16:17:55', null);
INSERT INTO `gen_table_column` VALUES ('93', '20', 'econ_name', '名称', 'varchar(30)', 'String', 'econName', '0', '0', '1', '1', '1', '1', '1', 'LIKE', 'input', '', '2', 'admin', '2020-12-09 08:52:02', null, '2020-12-14 16:17:55', null);
INSERT INTO `gen_table_column` VALUES ('94', '20', 'doc_num', '单据号', 'varchar(25)', 'String', 'docNum', '0', '0', '1', '1', '1', '1', null, 'EQ', 'input', '', '3', 'admin', '2020-12-09 08:52:02', null, '2020-12-14 16:17:55', '1');
INSERT INTO `gen_table_column` VALUES ('95', '20', 'status', '资料状态', 'char(1)', 'String', 'status', '0', '0', '1', '1', '1', '1', '1', 'EQ', 'radio', 'platf_doc_statu', '4', 'admin', '2020-12-09 08:52:02', null, '2020-12-14 16:17:55', null);
INSERT INTO `gen_table_column` VALUES ('96', '20', 'remark', '备注', 'varchar(512)', 'String', 'remark', '0', '0', null, '1', '1', '1', null, 'EQ', 'textarea', '', '5', 'admin', '2020-12-09 08:52:02', null, '2020-12-14 16:17:55', null);
INSERT INTO `gen_table_column` VALUES ('97', '20', 'del_flag', '删除标志 删除标志', 'char(1)', 'String', 'delFlag', '0', '0', '1', '1', null, null, null, 'EQ', '', '', '6', 'admin', '2020-12-09 08:52:40', null, '2020-12-14 16:17:55', null);
INSERT INTO `gen_table_column` VALUES ('98', '20', 'create_by', '制单人', 'varchar(30)', 'String', 'createBy', '0', '0', '1', '1', null, '1', null, 'EQ', 'input', '', '7', 'admin', '2020-12-09 08:52:40', null, '2020-12-14 16:17:55', '1');
INSERT INTO `gen_table_column` VALUES ('99', '20', 'create_time', '制单时间', 'datetime', 'Date', 'createTime', '0', '0', '1', '1', null, '1', null, 'EQ', 'datetime', '', '8', 'admin', '2020-12-09 08:52:40', null, '2020-12-14 16:17:55', '1');
INSERT INTO `gen_table_column` VALUES ('100', '20', 'update_by', '修改人', 'varchar(30)', 'String', 'updateBy', '0', '0', null, '1', '1', '1', null, 'EQ', 'input', '', '9', 'admin', '2020-12-09 08:52:40', null, '2020-12-14 16:17:55', '1');
INSERT INTO `gen_table_column` VALUES ('101', '20', 'update_time', '修改时间', 'datetime', 'Date', 'updateTime', '0', '0', null, '1', '1', '1', null, 'EQ', 'datetime', '', '10', 'admin', '2020-12-09 08:52:40', null, '2020-12-14 16:17:55', '1');
INSERT INTO `gen_table_column` VALUES ('221', '31', 'nation_id', '主键', 'bigint(20)', 'Long', 'nationId', '1', '1', null, '1', null, null, null, 'EQ', 'input', '', '1', 'admin', '2020-12-14 17:23:03', '', null, '0');
INSERT INTO `gen_table_column` VALUES ('222', '31', 'nation_name', '名称', 'varchar(30)', 'String', 'nationName', '0', '0', '1', '1', '1', '1', '1', 'LIKE', 'input', '', '2', 'admin', '2020-12-14 17:23:03', '', null, '0');
INSERT INTO `gen_table_column` VALUES ('223', '31', 'nation_custom_num', '自定义编号', 'varchar(10)', 'String', 'nationCustomNum', '0', '0', '0', '0', '0', '0', '0', 'EQ', 'input', '', '3', 'admin', '2020-12-14 17:23:13', '', null, '0');
INSERT INTO `gen_table_column` VALUES ('224', '31', 'doc_num', '单据号', 'varchar(25)', 'String', 'docNum', '0', '0', null, '1', '1', '1', '1', 'EQ', 'input', '', '4', 'admin', '2020-12-14 17:23:13', '', null, '1');
INSERT INTO `gen_table_column` VALUES ('225', '31', 'status', '资料状态 0有效 1无效', 'char(1)', 'String', 'status', '0', '0', null, '1', '1', '1', '1', 'EQ', 'radio', '', '5', 'admin', '2020-12-14 17:23:13', '', null, '0');
INSERT INTO `gen_table_column` VALUES ('226', '31', 'remark', '备注', 'varchar(512)', 'String', 'remark', '0', '0', null, '1', '1', '1', null, 'EQ', 'textarea', '', '6', 'admin', '2020-12-14 17:23:13', '', null, '0');
INSERT INTO `gen_table_column` VALUES ('227', '31', 'del_flag', '删除标志 删除标志（0代表存在 2代表删除）', 'char(1)', 'String', 'delFlag', '0', '0', null, '1', null, null, null, 'EQ', null, '', '7', 'admin', '2020-12-14 17:23:13', '', null, '1');
INSERT INTO `gen_table_column` VALUES ('228', '31', 'create_by', '制单人', 'varchar(30)', 'String', 'createBy', '0', '0', null, '1', null, null, null, 'EQ', 'input', '', '8', 'admin', '2020-12-14 17:23:13', '', null, '1');
INSERT INTO `gen_table_column` VALUES ('229', '31', 'create_time', '制单时间', 'datetime', 'Date', 'createTime', '0', '0', null, '1', null, null, null, 'EQ', 'datetime', '', '9', 'admin', '2020-12-14 17:23:13', '', null, '1');
INSERT INTO `gen_table_column` VALUES ('230', '31', 'update_by', '修改人', 'varchar(30)', 'String', 'updateBy', '0', '0', null, '1', null, null, null, 'EQ', 'input', '', '10', 'admin', '2020-12-14 17:23:13', '', null, '1');
INSERT INTO `gen_table_column` VALUES ('231', '31', 'update_time', '修改时间', 'datetime', 'Date', 'updateTime', '0', '0', null, '1', null, null, null, 'EQ', 'datetime', '', '11', 'admin', '2020-12-14 17:23:13', '', null, '1');

-- ----------------------------
-- Table structure for platf_econ_type
-- ----------------------------
DROP TABLE IF EXISTS `platf_econ_type`;
CREATE TABLE `platf_econ_type` (
  `econ_id` int(11) NOT NULL AUTO_INCREMENT COMMENT '主键',
  `econ_name` varchar(30) NOT NULL COMMENT '名称',
  `doc_num` varchar(25) NOT NULL COMMENT '单据号',
  `status` char(1) NOT NULL COMMENT '资料状态 0有效 1无效',
  `remark` varchar(512) DEFAULT NULL COMMENT '备注',
  `del_flag` char(1) NOT NULL COMMENT '删除标志 0代表存在 2代表删除',
  `create_by` varchar(30) NOT NULL COMMENT '制单人',
  `create_time` datetime NOT NULL COMMENT '制单时间',
  `update_by` varchar(30) DEFAULT NULL COMMENT '修改人',
  `update_time` datetime DEFAULT NULL COMMENT '修改时间',
  PRIMARY KEY (`econ_id`)
) ENGINE=InnoDB DEFAULT CHARSET=utf8 COMMENT='经济类型 ';

-- ----------------------------
-- Records of platf_econ_type
-- ----------------------------

-- ----------------------------
-- Table structure for platf_nation
-- ----------------------------
DROP TABLE IF EXISTS `platf_nation`;
CREATE TABLE `platf_nation` (
  `nation_id` bigint(20) NOT NULL AUTO_INCREMENT COMMENT '主键',
  `nation_name` varchar(30) NOT NULL COMMENT '名称',
  `nation_custom_num` varchar(10) DEFAULT NULL COMMENT '自定义编号',
  `doc_num` varchar(25) DEFAULT NULL COMMENT '单据号',
  `status` char(1) DEFAULT NULL COMMENT '资料状态 0有效 1无效',
  `remark` varchar(512) DEFAULT NULL COMMENT '备注',
  `del_flag` char(1) DEFAULT NULL COMMENT '删除标志 删除标志（0代表存在 2代表删除）',
  `create_by` varchar(30) DEFAULT NULL COMMENT '制单人',
  `create_time` datetime DEFAULT NULL COMMENT '制单时间',
  `update_by` varchar(30) DEFAULT NULL COMMENT '修改人',
  `update_time` datetime DEFAULT NULL COMMENT '修改时间',
  PRIMARY KEY (`nation_id`)
) ENGINE=InnoDB DEFAULT CHARSET=utf8 COMMENT='民族资料 ';

-- ----------------------------
-- Records of platf_nation
-- ----------------------------

-- ----------------------------
-- Table structure for qrtz_blob_triggers
-- ----------------------------
DROP TABLE IF EXISTS `qrtz_blob_triggers`;
CREATE TABLE `qrtz_blob_triggers` (
  `sched_name` varchar(120) NOT NULL,
  `trigger_name` varchar(200) NOT NULL,
  `trigger_group` varchar(200) NOT NULL,
  `blob_data` blob,
  PRIMARY KEY (`sched_name`,`trigger_name`,`trigger_group`),
  CONSTRAINT `qrtz_blob_triggers_ibfk_1` FOREIGN KEY (`sched_name`, `trigger_name`, `trigger_group`) REFERENCES `qrtz_triggers` (`sched_name`, `trigger_name`, `trigger_group`)
) ENGINE=InnoDB DEFAULT CHARSET=utf8;

-- ----------------------------
-- Records of qrtz_blob_triggers
-- ----------------------------

-- ----------------------------
-- Table structure for qrtz_calendars
-- ----------------------------
DROP TABLE IF EXISTS `qrtz_calendars`;
CREATE TABLE `qrtz_calendars` (
  `sched_name` varchar(120) NOT NULL,
  `calendar_name` varchar(200) NOT NULL,
  `calendar` blob NOT NULL,
  PRIMARY KEY (`sched_name`,`calendar_name`)
) ENGINE=InnoDB DEFAULT CHARSET=utf8;

-- ----------------------------
-- Records of qrtz_calendars
-- ----------------------------

-- ----------------------------
-- Table structure for qrtz_cron_triggers
-- ----------------------------
DROP TABLE IF EXISTS `qrtz_cron_triggers`;
CREATE TABLE `qrtz_cron_triggers` (
  `sched_name` varchar(120) NOT NULL,
  `trigger_name` varchar(200) NOT NULL,
  `trigger_group` varchar(200) NOT NULL,
  `cron_expression` varchar(200) NOT NULL,
  `time_zone_id` varchar(80) DEFAULT NULL,
  PRIMARY KEY (`sched_name`,`trigger_name`,`trigger_group`),
  CONSTRAINT `qrtz_cron_triggers_ibfk_1` FOREIGN KEY (`sched_name`, `trigger_name`, `trigger_group`) REFERENCES `qrtz_triggers` (`sched_name`, `trigger_name`, `trigger_group`)
) ENGINE=InnoDB DEFAULT CHARSET=utf8;

-- ----------------------------
-- Records of qrtz_cron_triggers
-- ----------------------------
INSERT INTO `qrtz_cron_triggers` VALUES ('RuoyiScheduler', 'TASK_CLASS_NAME1', 'DEFAULT', '0/10 * * * * ?', 'Asia/Shanghai');
INSERT INTO `qrtz_cron_triggers` VALUES ('RuoyiScheduler', 'TASK_CLASS_NAME2', 'DEFAULT', '0/15 * * * * ?', 'Asia/Shanghai');
INSERT INTO `qrtz_cron_triggers` VALUES ('RuoyiScheduler', 'TASK_CLASS_NAME3', 'DEFAULT', '0/20 * * * * ?', 'Asia/Shanghai');

-- ----------------------------
-- Table structure for qrtz_fired_triggers
-- ----------------------------
DROP TABLE IF EXISTS `qrtz_fired_triggers`;
CREATE TABLE `qrtz_fired_triggers` (
  `sched_name` varchar(120) NOT NULL,
  `entry_id` varchar(95) NOT NULL,
  `trigger_name` varchar(200) NOT NULL,
  `trigger_group` varchar(200) NOT NULL,
  `instance_name` varchar(200) NOT NULL,
  `fired_time` bigint(13) NOT NULL,
  `sched_time` bigint(13) NOT NULL,
  `priority` int(11) NOT NULL,
  `state` varchar(16) NOT NULL,
  `job_name` varchar(200) DEFAULT NULL,
  `job_group` varchar(200) DEFAULT NULL,
  `is_nonconcurrent` varchar(1) DEFAULT NULL,
  `requests_recovery` varchar(1) DEFAULT NULL,
  PRIMARY KEY (`sched_name`,`entry_id`)
) ENGINE=InnoDB DEFAULT CHARSET=utf8;

-- ----------------------------
-- Records of qrtz_fired_triggers
-- ----------------------------

-- ----------------------------
-- Table structure for qrtz_job_details
-- ----------------------------
DROP TABLE IF EXISTS `qrtz_job_details`;
CREATE TABLE `qrtz_job_details` (
  `sched_name` varchar(120) NOT NULL,
  `job_name` varchar(200) NOT NULL,
  `job_group` varchar(200) NOT NULL,
  `description` varchar(250) DEFAULT NULL,
  `job_class_name` varchar(250) NOT NULL,
  `is_durable` varchar(1) NOT NULL,
  `is_nonconcurrent` varchar(1) NOT NULL,
  `is_update_data` varchar(1) NOT NULL,
  `requests_recovery` varchar(1) NOT NULL,
  `job_data` blob,
  PRIMARY KEY (`sched_name`,`job_name`,`job_group`)
) ENGINE=InnoDB DEFAULT CHARSET=utf8;

-- ----------------------------
-- Records of qrtz_job_details
-- ----------------------------
INSERT INTO `qrtz_job_details` VALUES ('RuoyiScheduler', 'TASK_CLASS_NAME1', 'DEFAULT', null, 'com.ruoyi.quartz.util.QuartzDisallowConcurrentExecution', '0', '1', '0', '0', 0xACED0005737200156F72672E71756172747A2E4A6F62446174614D61709FB083E8BFA9B0CB020000787200266F72672E71756172747A2E7574696C732E537472696E674B65794469727479466C61674D61708208E8C3FBC55D280200015A0013616C6C6F77735472616E7369656E74446174617872001D6F72672E71756172747A2E7574696C732E4469727479466C61674D617013E62EAD28760ACE0200025A000564697274794C00036D617074000F4C6A6176612F7574696C2F4D61703B787001737200116A6176612E7574696C2E486173684D61700507DAC1C31660D103000246000A6C6F6164466163746F724900097468726573686F6C6478703F4000000000000C7708000000100000000174000F5441534B5F50524F504552544945537372001E636F6D2E72756F79692E71756172747A2E646F6D61696E2E5379734A6F6200000000000000010200084C000A636F6E63757272656E747400124C6A6176612F6C616E672F537472696E673B4C000E63726F6E45787072657373696F6E71007E00094C000C696E766F6B6554617267657471007E00094C00086A6F6247726F757071007E00094C00056A6F6249647400104C6A6176612F6C616E672F4C6F6E673B4C00076A6F624E616D6571007E00094C000D6D697366697265506F6C69637971007E00094C000673746174757371007E000978720027636F6D2E72756F79692E636F6D6D6F6E2E636F72652E646F6D61696E2E42617365456E7469747900000000000000010200074C0008637265617465427971007E00094C000A63726561746554696D657400104C6A6176612F7574696C2F446174653B4C0006706172616D7371007E00034C000672656D61726B71007E00094C000B73656172636856616C756571007E00094C0008757064617465427971007E00094C000A75706461746554696D6571007E000C787074000561646D696E7372000E6A6176612E7574696C2E44617465686A81014B59741903000078707708000001763F9E84D078707400007070707400013174000E302F3130202A202A202A202A203F74001172795461736B2E72794E6F506172616D7374000744454641554C547372000E6A6176612E6C616E672E4C6F6E673B8BE490CC8F23DF0200014A000576616C7565787200106A6176612E6C616E672E4E756D62657286AC951D0B94E08B02000078700000000000000001740018E7B3BBE7BB9FE9BB98E8AEA4EFBC88E697A0E58F82EFBC8974000133740001317800);
INSERT INTO `qrtz_job_details` VALUES ('RuoyiScheduler', 'TASK_CLASS_NAME2', 'DEFAULT', null, 'com.ruoyi.quartz.util.QuartzDisallowConcurrentExecution', '0', '1', '0', '0', 0xACED0005737200156F72672E71756172747A2E4A6F62446174614D61709FB083E8BFA9B0CB020000787200266F72672E71756172747A2E7574696C732E537472696E674B65794469727479466C61674D61708208E8C3FBC55D280200015A0013616C6C6F77735472616E7369656E74446174617872001D6F72672E71756172747A2E7574696C732E4469727479466C61674D617013E62EAD28760ACE0200025A000564697274794C00036D617074000F4C6A6176612F7574696C2F4D61703B787001737200116A6176612E7574696C2E486173684D61700507DAC1C31660D103000246000A6C6F6164466163746F724900097468726573686F6C6478703F4000000000000C7708000000100000000174000F5441534B5F50524F504552544945537372001E636F6D2E72756F79692E71756172747A2E646F6D61696E2E5379734A6F6200000000000000010200084C000A636F6E63757272656E747400124C6A6176612F6C616E672F537472696E673B4C000E63726F6E45787072657373696F6E71007E00094C000C696E766F6B6554617267657471007E00094C00086A6F6247726F757071007E00094C00056A6F6249647400104C6A6176612F6C616E672F4C6F6E673B4C00076A6F624E616D6571007E00094C000D6D697366697265506F6C69637971007E00094C000673746174757371007E000978720027636F6D2E72756F79692E636F6D6D6F6E2E636F72652E646F6D61696E2E42617365456E7469747900000000000000010200074C0008637265617465427971007E00094C000A63726561746554696D657400104C6A6176612F7574696C2F446174653B4C0006706172616D7371007E00034C000672656D61726B71007E00094C000B73656172636856616C756571007E00094C0008757064617465427971007E00094C000A75706461746554696D6571007E000C787074000561646D696E7372000E6A6176612E7574696C2E44617465686A81014B59741903000078707708000001763F9E84D078707400007070707400013174000E302F3135202A202A202A202A203F74001572795461736B2E7279506172616D7328277279272974000744454641554C547372000E6A6176612E6C616E672E4C6F6E673B8BE490CC8F23DF0200014A000576616C7565787200106A6176612E6C616E672E4E756D62657286AC951D0B94E08B02000078700000000000000002740018E7B3BBE7BB9FE9BB98E8AEA4EFBC88E69C89E58F82EFBC8974000133740001317800);
INSERT INTO `qrtz_job_details` VALUES ('RuoyiScheduler', 'TASK_CLASS_NAME3', 'DEFAULT', null, 'com.ruoyi.quartz.util.QuartzDisallowConcurrentExecution', '0', '1', '0', '0', 0xACED0005737200156F72672E71756172747A2E4A6F62446174614D61709FB083E8BFA9B0CB020000787200266F72672E71756172747A2E7574696C732E537472696E674B65794469727479466C61674D61708208E8C3FBC55D280200015A0013616C6C6F77735472616E7369656E74446174617872001D6F72672E71756172747A2E7574696C732E4469727479466C61674D617013E62EAD28760ACE0200025A000564697274794C00036D617074000F4C6A6176612F7574696C2F4D61703B787001737200116A6176612E7574696C2E486173684D61700507DAC1C31660D103000246000A6C6F6164466163746F724900097468726573686F6C6478703F4000000000000C7708000000100000000174000F5441534B5F50524F504552544945537372001E636F6D2E72756F79692E71756172747A2E646F6D61696E2E5379734A6F6200000000000000010200084C000A636F6E63757272656E747400124C6A6176612F6C616E672F537472696E673B4C000E63726F6E45787072657373696F6E71007E00094C000C696E766F6B6554617267657471007E00094C00086A6F6247726F757071007E00094C00056A6F6249647400104C6A6176612F6C616E672F4C6F6E673B4C00076A6F624E616D6571007E00094C000D6D697366697265506F6C69637971007E00094C000673746174757371007E000978720027636F6D2E72756F79692E636F6D6D6F6E2E636F72652E646F6D61696E2E42617365456E7469747900000000000000010200074C0008637265617465427971007E00094C000A63726561746554696D657400104C6A6176612F7574696C2F446174653B4C0006706172616D7371007E00034C000672656D61726B71007E00094C000B73656172636856616C756571007E00094C0008757064617465427971007E00094C000A75706461746554696D6571007E000C787074000561646D696E7372000E6A6176612E7574696C2E44617465686A81014B59741903000078707708000001763F9E84D078707400007070707400013174000E302F3230202A202A202A202A203F74003872795461736B2E72794D756C7469706C65506172616D7328277279272C20747275652C20323030304C2C203331362E3530442C203130302974000744454641554C547372000E6A6176612E6C616E672E4C6F6E673B8BE490CC8F23DF0200014A000576616C7565787200106A6176612E6C616E672E4E756D62657286AC951D0B94E08B02000078700000000000000003740018E7B3BBE7BB9FE9BB98E8AEA4EFBC88E5A49AE58F82EFBC8974000133740001317800);

-- ----------------------------
-- Table structure for qrtz_locks
-- ----------------------------
DROP TABLE IF EXISTS `qrtz_locks`;
CREATE TABLE `qrtz_locks` (
  `sched_name` varchar(120) NOT NULL,
  `lock_name` varchar(40) NOT NULL,
  PRIMARY KEY (`sched_name`,`lock_name`)
) ENGINE=InnoDB DEFAULT CHARSET=utf8;

-- ----------------------------
-- Records of qrtz_locks
-- ----------------------------
INSERT INTO `qrtz_locks` VALUES ('RuoyiScheduler', 'STATE_ACCESS');
INSERT INTO `qrtz_locks` VALUES ('RuoyiScheduler', 'TRIGGER_ACCESS');

-- ----------------------------
-- Table structure for qrtz_paused_trigger_grps
-- ----------------------------
DROP TABLE IF EXISTS `qrtz_paused_trigger_grps`;
CREATE TABLE `qrtz_paused_trigger_grps` (
  `sched_name` varchar(120) NOT NULL,
  `trigger_group` varchar(200) NOT NULL,
  PRIMARY KEY (`sched_name`,`trigger_group`)
) ENGINE=InnoDB DEFAULT CHARSET=utf8;

-- ----------------------------
-- Records of qrtz_paused_trigger_grps
-- ----------------------------

-- ----------------------------
-- Table structure for qrtz_scheduler_state
-- ----------------------------
DROP TABLE IF EXISTS `qrtz_scheduler_state`;
CREATE TABLE `qrtz_scheduler_state` (
  `sched_name` varchar(120) NOT NULL,
  `instance_name` varchar(200) NOT NULL,
  `last_checkin_time` bigint(13) NOT NULL,
  `checkin_interval` bigint(13) NOT NULL,
  PRIMARY KEY (`sched_name`,`instance_name`)
) ENGINE=InnoDB DEFAULT CHARSET=utf8;

-- ----------------------------
-- Records of qrtz_scheduler_state
-- ----------------------------
INSERT INTO `qrtz_scheduler_state` VALUES ('RuoyiScheduler', 'linkuaisheng1607937754704', '1607938588029', '15000');

-- ----------------------------
-- Table structure for qrtz_simple_triggers
-- ----------------------------
DROP TABLE IF EXISTS `qrtz_simple_triggers`;
CREATE TABLE `qrtz_simple_triggers` (
  `sched_name` varchar(120) NOT NULL,
  `trigger_name` varchar(200) NOT NULL,
  `trigger_group` varchar(200) NOT NULL,
  `repeat_count` bigint(7) NOT NULL,
  `repeat_interval` bigint(12) NOT NULL,
  `times_triggered` bigint(10) NOT NULL,
  PRIMARY KEY (`sched_name`,`trigger_name`,`trigger_group`),
  CONSTRAINT `qrtz_simple_triggers_ibfk_1` FOREIGN KEY (`sched_name`, `trigger_name`, `trigger_group`) REFERENCES `qrtz_triggers` (`sched_name`, `trigger_name`, `trigger_group`)
) ENGINE=InnoDB DEFAULT CHARSET=utf8;

-- ----------------------------
-- Records of qrtz_simple_triggers
-- ----------------------------

-- ----------------------------
-- Table structure for qrtz_simprop_triggers
-- ----------------------------
DROP TABLE IF EXISTS `qrtz_simprop_triggers`;
CREATE TABLE `qrtz_simprop_triggers` (
  `sched_name` varchar(120) NOT NULL,
  `trigger_name` varchar(200) NOT NULL,
  `trigger_group` varchar(200) NOT NULL,
  `str_prop_1` varchar(512) DEFAULT NULL,
  `str_prop_2` varchar(512) DEFAULT NULL,
  `str_prop_3` varchar(512) DEFAULT NULL,
  `int_prop_1` int(11) DEFAULT NULL,
  `int_prop_2` int(11) DEFAULT NULL,
  `long_prop_1` bigint(20) DEFAULT NULL,
  `long_prop_2` bigint(20) DEFAULT NULL,
  `dec_prop_1` decimal(13,4) DEFAULT NULL,
  `dec_prop_2` decimal(13,4) DEFAULT NULL,
  `bool_prop_1` varchar(1) DEFAULT NULL,
  `bool_prop_2` varchar(1) DEFAULT NULL,
  PRIMARY KEY (`sched_name`,`trigger_name`,`trigger_group`),
  CONSTRAINT `qrtz_simprop_triggers_ibfk_1` FOREIGN KEY (`sched_name`, `trigger_name`, `trigger_group`) REFERENCES `qrtz_triggers` (`sched_name`, `trigger_name`, `trigger_group`)
) ENGINE=InnoDB DEFAULT CHARSET=utf8;

-- ----------------------------
-- Records of qrtz_simprop_triggers
-- ----------------------------

-- ----------------------------
-- Table structure for qrtz_triggers
-- ----------------------------
DROP TABLE IF EXISTS `qrtz_triggers`;
CREATE TABLE `qrtz_triggers` (
  `sched_name` varchar(120) NOT NULL,
  `trigger_name` varchar(200) NOT NULL,
  `trigger_group` varchar(200) NOT NULL,
  `job_name` varchar(200) NOT NULL,
  `job_group` varchar(200) NOT NULL,
  `description` varchar(250) DEFAULT NULL,
  `next_fire_time` bigint(13) DEFAULT NULL,
  `prev_fire_time` bigint(13) DEFAULT NULL,
  `priority` int(11) DEFAULT NULL,
  `trigger_state` varchar(16) NOT NULL,
  `trigger_type` varchar(8) NOT NULL,
  `start_time` bigint(13) NOT NULL,
  `end_time` bigint(13) DEFAULT NULL,
  `calendar_name` varchar(200) DEFAULT NULL,
  `misfire_instr` smallint(2) DEFAULT NULL,
  `job_data` blob,
  PRIMARY KEY (`sched_name`,`trigger_name`,`trigger_group`),
  KEY `sched_name` (`sched_name`,`job_name`,`job_group`),
  CONSTRAINT `qrtz_triggers_ibfk_1` FOREIGN KEY (`sched_name`, `job_name`, `job_group`) REFERENCES `qrtz_job_details` (`sched_name`, `job_name`, `job_group`)
) ENGINE=InnoDB DEFAULT CHARSET=utf8;

-- ----------------------------
-- Records of qrtz_triggers
-- ----------------------------
INSERT INTO `qrtz_triggers` VALUES ('RuoyiScheduler', 'TASK_CLASS_NAME1', 'DEFAULT', 'TASK_CLASS_NAME1', 'DEFAULT', null, '1607937760000', '-1', '5', 'PAUSED', 'CRON', '1607937754000', '0', null, '2', '');
INSERT INTO `qrtz_triggers` VALUES ('RuoyiScheduler', 'TASK_CLASS_NAME2', 'DEFAULT', 'TASK_CLASS_NAME2', 'DEFAULT', null, '1607937765000', '-1', '5', 'PAUSED', 'CRON', '1607937755000', '0', null, '2', '');
INSERT INTO `qrtz_triggers` VALUES ('RuoyiScheduler', 'TASK_CLASS_NAME3', 'DEFAULT', 'TASK_CLASS_NAME3', 'DEFAULT', null, '1607937760000', '-1', '5', 'PAUSED', 'CRON', '1607937755000', '0', null, '2', '');

-- ----------------------------
-- Table structure for stock_out_dtl
-- ----------------------------
DROP TABLE IF EXISTS `stock_out_dtl`;
CREATE TABLE `stock_out_dtl` (
  `stockout_dtl` int(11) NOT NULL AUTO_INCREMENT COMMENT '主键',
  `stockout_id` varchar(32) NOT NULL COMMENT '领料单据号',
  `stockin_dtl` bigint(20) DEFAULT NULL COMMENT '入库明细ID',
  `item_name` varchar(128) DEFAULT NULL COMMENT '食材 手动输入',
  `measure` varchar(10) DEFAULT NULL COMMENT '计量单位',
  `qty` decimal(8,2) DEFAULT NULL COMMENT '出库数量',
  `dtlremark` varchar(512) DEFAULT NULL COMMENT '说明',
  PRIMARY KEY (`stockout_dtl`)
) ENGINE=InnoDB DEFAULT CHARSET=utf8 COMMENT='领料单_从表 ';

-- ----------------------------
-- Records of stock_out_dtl
-- ----------------------------

-- ----------------------------
-- Table structure for stock_out_mas
-- ----------------------------
DROP TABLE IF EXISTS `stock_out_mas`;
CREATE TABLE `stock_out_mas` (
  `stockin_out` varchar(32) NOT NULL COMMENT '领料单据号',
  `stockout_date` date NOT NULL COMMENT '领料日期',
  `unit_id` varchar(32) NOT NULL COMMENT '餐饮单位',
  `wh_id` bigint(20) DEFAULT NULL COMMENT '领料仓库',
  `stockin_id` varchar(32) DEFAULT NULL COMMENT '入库单据号',
  `activity_id` varchar(32) NOT NULL COMMENT '活动id',
  `ticketfile` varchar(128) DEFAULT NULL COMMENT '单据文件 可以上传相应的文件，包括图片',
  `check_state` char(1) NOT NULL DEFAULT '1' COMMENT '审核状态 1-未审核 3-已生效 4-作废',
  `remark` varchar(512) DEFAULT NULL COMMENT '备注',
  `del_flag` char(1) NOT NULL DEFAULT '0' COMMENT '删除标志 0未删除 2已删除',
  `create_by` varchar(32) NOT NULL COMMENT '制单人',
  `create_time` datetime NOT NULL COMMENT '制单时间',
  `update_by` varchar(32) DEFAULT NULL COMMENT '更新人',
  `update_time` datetime DEFAULT NULL COMMENT '更新时间',
  PRIMARY KEY (`stockin_out`)
) ENGINE=InnoDB DEFAULT CHARSET=utf8 COMMENT='领料单_主表 从表可以为空';

-- ----------------------------
-- Records of stock_out_mas
-- ----------------------------

-- ----------------------------
-- Table structure for sys_config
-- ----------------------------
DROP TABLE IF EXISTS `sys_config`;
CREATE TABLE `sys_config` (
  `config_id` int(5) NOT NULL AUTO_INCREMENT COMMENT '参数主键',
  `config_name` varchar(100) DEFAULT '' COMMENT '参数名称',
  `config_key` varchar(100) DEFAULT '' COMMENT '参数键名',
  `config_value` varchar(500) DEFAULT '' COMMENT '参数键值',
  `config_type` char(1) DEFAULT 'N' COMMENT '系统内置（Y是 N否）',
  `create_by` varchar(64) DEFAULT '' COMMENT '创建者',
  `create_time` datetime DEFAULT NULL COMMENT '创建时间',
  `update_by` varchar(64) DEFAULT '' COMMENT '更新者',
  `update_time` datetime DEFAULT NULL COMMENT '更新时间',
  `remark` varchar(500) DEFAULT NULL COMMENT '备注',
  PRIMARY KEY (`config_id`)
) ENGINE=InnoDB AUTO_INCREMENT=11 DEFAULT CHARSET=utf8 COMMENT='参数配置表';

-- ----------------------------
-- Records of sys_config
-- ----------------------------
INSERT INTO `sys_config` VALUES ('1', '主框架页-默认皮肤样式名称', 'sys.index.skinName', 'skin-blue', 'Y', 'admin', '2020-12-08 07:52:01', '', null, '蓝色 skin-blue、绿色 skin-green、紫色 skin-purple、红色 skin-red、黄色 skin-yellow');
INSERT INTO `sys_config` VALUES ('2', '用户管理-账号初始密码', 'sys.user.initPassword', '123456', 'Y', 'admin', '2020-12-08 07:52:01', '', null, '初始化密码 123456');
INSERT INTO `sys_config` VALUES ('3', '主框架页-侧边栏主题', 'sys.index.sideTheme', 'theme-dark', 'N', 'admin', '2020-12-08 07:52:01', 'admin', '2020-12-12 15:38:09', '深黑主题theme-dark，浅色主题theme-light，深蓝主题theme-blue');
INSERT INTO `sys_config` VALUES ('4', '账号自助-是否开启用户注册功能', 'sys.account.registerUser', 'false', 'Y', 'admin', '2020-12-08 07:52:01', '', null, '是否开启注册用户功能（true开启，false关闭）');
INSERT INTO `sys_config` VALUES ('5', '用户管理-密码字符范围', 'sys.account.chrtype', '0', 'Y', 'admin', '2020-12-08 07:52:01', '', null, '默认任意字符范围，0任意（密码可以输入任意字符），1数字（密码只能为0-9数字），2英文字母（密码只能为a-z和A-Z字母），3字母和数字（密码必须包含字母，数字）,4字母数字和特殊字符（目前支持的特殊字符包括：~!@#$%^&*()-=_+）');
INSERT INTO `sys_config` VALUES ('6', '用户管理-初始密码修改策略', 'sys.account.initPasswordModify', '0', 'Y', 'admin', '2020-12-08 07:52:01', '', null, '0：初始密码修改策略关闭，没有任何提示，1：提醒用户，如果未修改初始密码，则在登录时就会提醒修改密码对话框');
INSERT INTO `sys_config` VALUES ('7', '用户管理-账号密码更新周期', 'sys.account.passwordValidateDays', '0', 'Y', 'admin', '2020-12-08 07:52:01', '', null, '密码更新周期（填写数字，数据初始化值为0不限制，若修改必须为大于0小于365的正整数），如果超过这个周期登录系统时，则在登录时就会提醒修改密码对话框');
INSERT INTO `sys_config` VALUES ('8', '主框架页-菜单导航显示风格', 'sys.index.menuStyle', 'default', 'Y', 'admin', '2020-12-08 07:52:01', '', null, '菜单导航显示风格（default为左侧导航菜单，topnav为顶部导航菜单）');
INSERT INTO `sys_config` VALUES ('9', '主框架页-是否开启页脚', 'sys.index.ignoreFooter', 'true', 'Y', 'admin', '2020-12-08 07:52:01', '', null, '是否开启底部页脚显示（true显示，false隐藏）');
INSERT INTO `sys_config` VALUES ('10', '项目名称', 'sys.project.name', 'yds', 'Y', 'admin', '2020-12-12 15:39:12', '', null, 'yds');

-- ----------------------------
-- Table structure for sys_dept
-- ----------------------------
DROP TABLE IF EXISTS `sys_dept`;
CREATE TABLE `sys_dept` (
  `dept_id` bigint(20) NOT NULL AUTO_INCREMENT COMMENT '部门id',
  `parent_id` bigint(20) DEFAULT '0' COMMENT '父部门id',
  `ancestors` varchar(50) DEFAULT '' COMMENT '祖级列表',
  `dept_name` varchar(30) DEFAULT '' COMMENT '部门名称',
  `order_num` int(4) DEFAULT '0' COMMENT '显示顺序',
  `leader` varchar(20) DEFAULT NULL COMMENT '负责人',
  `phone` varchar(11) DEFAULT NULL COMMENT '联系电话',
  `email` varchar(50) DEFAULT NULL COMMENT '邮箱',
  `status` char(1) DEFAULT '0' COMMENT '部门状态（0正常 1停用）',
  `del_flag` char(1) DEFAULT '0' COMMENT '删除标志（0代表存在 2代表删除）',
  `create_by` varchar(64) DEFAULT '' COMMENT '创建者',
  `create_time` datetime DEFAULT NULL COMMENT '创建时间',
  `update_by` varchar(64) DEFAULT '' COMMENT '更新者',
  `update_time` datetime DEFAULT NULL COMMENT '更新时间',
  PRIMARY KEY (`dept_id`)
) ENGINE=InnoDB AUTO_INCREMENT=110 DEFAULT CHARSET=utf8 COMMENT='部门表';

-- ----------------------------
-- Records of sys_dept
-- ----------------------------
INSERT INTO `sys_dept` VALUES ('100', '0', '0', '若依科技', '0', '若依', '15888888888', 'ry@qq.com', '0', '0', 'admin', '2020-12-08 07:51:59', '', null);
INSERT INTO `sys_dept` VALUES ('101', '100', '0,100', '深圳总公司', '1', '若依', '15888888888', 'ry@qq.com', '0', '0', 'admin', '2020-12-08 07:51:59', '', null);
INSERT INTO `sys_dept` VALUES ('102', '100', '0,100', '长沙分公司', '2', '若依', '15888888888', 'ry@qq.com', '0', '0', 'admin', '2020-12-08 07:51:59', '', null);
INSERT INTO `sys_dept` VALUES ('103', '101', '0,100,101', '研发部门', '1', '若依', '15888888888', 'ry@qq.com', '0', '0', 'admin', '2020-12-08 07:51:59', '', null);
INSERT INTO `sys_dept` VALUES ('104', '101', '0,100,101', '市场部门', '2', '若依', '15888888888', 'ry@qq.com', '0', '0', 'admin', '2020-12-08 07:51:59', '', null);
INSERT INTO `sys_dept` VALUES ('105', '101', '0,100,101', '测试部门', '3', '若依', '15888888888', 'ry@qq.com', '0', '0', 'admin', '2020-12-08 07:51:59', '', null);
INSERT INTO `sys_dept` VALUES ('106', '101', '0,100,101', '财务部门', '4', '若依', '15888888888', 'ry@qq.com', '0', '0', 'admin', '2020-12-08 07:51:59', '', null);
INSERT INTO `sys_dept` VALUES ('107', '101', '0,100,101', '运维部门', '5', '若依', '15888888888', 'ry@qq.com', '0', '0', 'admin', '2020-12-08 07:51:59', '', null);
INSERT INTO `sys_dept` VALUES ('108', '102', '0,100,102', '市场部门', '1', '若依', '15888888888', 'ry@qq.com', '0', '0', 'admin', '2020-12-08 07:51:59', '', null);
INSERT INTO `sys_dept` VALUES ('109', '102', '0,100,102', '财务部门', '2', '若依', '15888888888', 'ry@qq.com', '0', '0', 'admin', '2020-12-08 07:51:59', '', null);

-- ----------------------------
-- Table structure for sys_dict_data
-- ----------------------------
DROP TABLE IF EXISTS `sys_dict_data`;
CREATE TABLE `sys_dict_data` (
  `dict_code` bigint(20) NOT NULL AUTO_INCREMENT COMMENT '字典编码',
  `dict_sort` int(4) DEFAULT '0' COMMENT '字典排序',
  `dict_label` varchar(100) DEFAULT '' COMMENT '字典标签',
  `dict_value` varchar(100) DEFAULT '' COMMENT '字典键值',
  `dict_type` varchar(100) DEFAULT '' COMMENT '字典类型',
  `css_class` varchar(100) DEFAULT NULL COMMENT '样式属性（其他样式扩展）',
  `list_class` varchar(100) DEFAULT NULL COMMENT '表格回显样式',
  `is_default` char(1) DEFAULT 'N' COMMENT '是否默认（Y是 N否）',
  `status` char(1) DEFAULT '0' COMMENT '状态（0正常 1停用）',
  `create_by` varchar(64) DEFAULT '' COMMENT '创建者',
  `create_time` datetime DEFAULT NULL COMMENT '创建时间',
  `update_by` varchar(64) DEFAULT '' COMMENT '更新者',
  `update_time` datetime DEFAULT NULL COMMENT '更新时间',
  `remark` varchar(500) DEFAULT NULL COMMENT '备注',
  PRIMARY KEY (`dict_code`)
) ENGINE=InnoDB AUTO_INCREMENT=102 DEFAULT CHARSET=utf8 COMMENT='字典数据表';

-- ----------------------------
-- Records of sys_dict_data
-- ----------------------------
INSERT INTO `sys_dict_data` VALUES ('1', '1', '男', '0', 'sys_user_sex', '', '', 'Y', '0', 'admin', '2020-12-08 07:52:01', '', null, '性别男');
INSERT INTO `sys_dict_data` VALUES ('2', '2', '女', '1', 'sys_user_sex', '', '', 'N', '0', 'admin', '2020-12-08 07:52:01', '', null, '性别女');
INSERT INTO `sys_dict_data` VALUES ('3', '3', '未知', '2', 'sys_user_sex', '', '', 'N', '0', 'admin', '2020-12-08 07:52:01', '', null, '性别未知');
INSERT INTO `sys_dict_data` VALUES ('4', '1', '显示', '0', 'sys_show_hide', '', 'primary', 'Y', '0', 'admin', '2020-12-08 07:52:01', '', null, '显示菜单');
INSERT INTO `sys_dict_data` VALUES ('5', '2', '隐藏', '1', 'sys_show_hide', '', 'danger', 'N', '0', 'admin', '2020-12-08 07:52:01', '', null, '隐藏菜单');
INSERT INTO `sys_dict_data` VALUES ('6', '1', '正常', '0', 'sys_normal_disable', '', 'primary', 'Y', '0', 'admin', '2020-12-08 07:52:01', '', null, '正常状态');
INSERT INTO `sys_dict_data` VALUES ('7', '2', '停用', '1', 'sys_normal_disable', '', 'danger', 'N', '0', 'admin', '2020-12-08 07:52:01', '', null, '停用状态');
INSERT INTO `sys_dict_data` VALUES ('8', '1', '正常', '0', 'sys_job_status', '', 'primary', 'Y', '0', 'admin', '2020-12-08 07:52:01', '', null, '正常状态');
INSERT INTO `sys_dict_data` VALUES ('9', '2', '暂停', '1', 'sys_job_status', '', 'danger', 'N', '0', 'admin', '2020-12-08 07:52:01', '', null, '停用状态');
INSERT INTO `sys_dict_data` VALUES ('10', '1', '默认', 'DEFAULT', 'sys_job_group', '', '', 'Y', '0', 'admin', '2020-12-08 07:52:01', '', null, '默认分组');
INSERT INTO `sys_dict_data` VALUES ('11', '2', '系统', 'SYSTEM', 'sys_job_group', '', '', 'N', '0', 'admin', '2020-12-08 07:52:01', '', null, '系统分组');
INSERT INTO `sys_dict_data` VALUES ('12', '1', '是', 'Y', 'sys_yes_no', '', 'primary', 'Y', '0', 'admin', '2020-12-08 07:52:01', '', null, '系统默认是');
INSERT INTO `sys_dict_data` VALUES ('13', '2', '否', 'N', 'sys_yes_no', '', 'danger', 'N', '0', 'admin', '2020-12-08 07:52:01', '', null, '系统默认否');
INSERT INTO `sys_dict_data` VALUES ('14', '1', '通知', '1', 'sys_notice_type', '', 'warning', 'Y', '0', 'admin', '2020-12-08 07:52:01', '', null, '通知');
INSERT INTO `sys_dict_data` VALUES ('15', '2', '公告', '2', 'sys_notice_type', '', 'success', 'N', '0', 'admin', '2020-12-08 07:52:01', '', null, '公告');
INSERT INTO `sys_dict_data` VALUES ('16', '1', '正常', '0', 'sys_notice_status', '', 'primary', 'Y', '0', 'admin', '2020-12-08 07:52:01', '', null, '正常状态');
INSERT INTO `sys_dict_data` VALUES ('17', '2', '关闭', '1', 'sys_notice_status', '', 'danger', 'N', '0', 'admin', '2020-12-08 07:52:01', '', null, '关闭状态');
INSERT INTO `sys_dict_data` VALUES ('18', '99', '其他', '0', 'sys_oper_type', '', 'info', 'N', '0', 'admin', '2020-12-08 07:52:01', '', null, '其他操作');
INSERT INTO `sys_dict_data` VALUES ('19', '1', '新增', '1', 'sys_oper_type', '', 'info', 'N', '0', 'admin', '2020-12-08 07:52:01', '', null, '新增操作');
INSERT INTO `sys_dict_data` VALUES ('20', '2', '修改', '2', 'sys_oper_type', '', 'info', 'N', '0', 'admin', '2020-12-08 07:52:01', '', null, '修改操作');
INSERT INTO `sys_dict_data` VALUES ('21', '3', '删除', '3', 'sys_oper_type', '', 'danger', 'N', '0', 'admin', '2020-12-08 07:52:01', '', null, '删除操作');
INSERT INTO `sys_dict_data` VALUES ('22', '4', '授权', '4', 'sys_oper_type', '', 'primary', 'N', '0', 'admin', '2020-12-08 07:52:01', '', null, '授权操作');
INSERT INTO `sys_dict_data` VALUES ('23', '5', '导出', '5', 'sys_oper_type', '', 'warning', 'N', '0', 'admin', '2020-12-08 07:52:01', '', null, '导出操作');
INSERT INTO `sys_dict_data` VALUES ('24', '6', '导入', '6', 'sys_oper_type', '', 'warning', 'N', '0', 'admin', '2020-12-08 07:52:01', '', null, '导入操作');
INSERT INTO `sys_dict_data` VALUES ('25', '7', '强退', '7', 'sys_oper_type', '', 'danger', 'N', '0', 'admin', '2020-12-08 07:52:01', '', null, '强退操作');
INSERT INTO `sys_dict_data` VALUES ('26', '8', '生成代码', '8', 'sys_oper_type', '', 'warning', 'N', '0', 'admin', '2020-12-08 07:52:01', '', null, '生成操作');
INSERT INTO `sys_dict_data` VALUES ('27', '9', '清空数据', '9', 'sys_oper_type', '', 'danger', 'N', '0', 'admin', '2020-12-08 07:52:01', '', null, '清空操作');
INSERT INTO `sys_dict_data` VALUES ('28', '1', '成功', '0', 'sys_common_status', '', 'primary', 'N', '0', 'admin', '2020-12-08 07:52:01', '', null, '正常状态');
INSERT INTO `sys_dict_data` VALUES ('29', '2', '失败', '1', 'sys_common_status', '', 'danger', 'N', '0', 'admin', '2020-12-08 07:52:01', '', null, '停用状态');
INSERT INTO `sys_dict_data` VALUES ('100', '0', '有效', '0', 'platf_doc_statu', '', 'primary', 'Y', '0', 'admin', '2020-12-08 10:14:29', 'admin', '2020-12-08 10:15:38', '有效');
INSERT INTO `sys_dict_data` VALUES ('101', '1', '无效', '1', 'platf_doc_statu', '', 'primary', 'N', '0', 'admin', '2020-12-08 10:15:58', 'admin', '2020-12-08 14:40:57', '');

-- ----------------------------
-- Table structure for sys_dict_type
-- ----------------------------
DROP TABLE IF EXISTS `sys_dict_type`;
CREATE TABLE `sys_dict_type` (
  `dict_id` bigint(20) NOT NULL AUTO_INCREMENT COMMENT '字典主键',
  `dict_name` varchar(100) DEFAULT '' COMMENT '字典名称',
  `dict_type` varchar(100) DEFAULT '' COMMENT '字典类型',
  `status` char(1) DEFAULT '0' COMMENT '状态（0正常 1停用）',
  `create_by` varchar(64) DEFAULT '' COMMENT '创建者',
  `create_time` datetime DEFAULT NULL COMMENT '创建时间',
  `update_by` varchar(64) DEFAULT '' COMMENT '更新者',
  `update_time` datetime DEFAULT NULL COMMENT '更新时间',
  `remark` varchar(500) DEFAULT NULL COMMENT '备注',
  PRIMARY KEY (`dict_id`),
  UNIQUE KEY `dict_type` (`dict_type`)
) ENGINE=InnoDB AUTO_INCREMENT=101 DEFAULT CHARSET=utf8 COMMENT='字典类型表';

-- ----------------------------
-- Records of sys_dict_type
-- ----------------------------
INSERT INTO `sys_dict_type` VALUES ('1', '用户性别', 'sys_user_sex', '0', 'admin', '2020-12-08 07:52:01', '', null, '用户性别列表');
INSERT INTO `sys_dict_type` VALUES ('2', '菜单状态', 'sys_show_hide', '0', 'admin', '2020-12-08 07:52:01', '', null, '菜单状态列表');
INSERT INTO `sys_dict_type` VALUES ('3', '系统开关', 'sys_normal_disable', '0', 'admin', '2020-12-08 07:52:01', '', null, '系统开关列表');
INSERT INTO `sys_dict_type` VALUES ('4', '任务状态', 'sys_job_status', '0', 'admin', '2020-12-08 07:52:01', '', null, '任务状态列表');
INSERT INTO `sys_dict_type` VALUES ('5', '任务分组', 'sys_job_group', '0', 'admin', '2020-12-08 07:52:01', '', null, '任务分组列表');
INSERT INTO `sys_dict_type` VALUES ('6', '系统是否', 'sys_yes_no', '0', 'admin', '2020-12-08 07:52:01', '', null, '系统是否列表');
INSERT INTO `sys_dict_type` VALUES ('7', '通知类型', 'sys_notice_type', '0', 'admin', '2020-12-08 07:52:01', '', null, '通知类型列表');
INSERT INTO `sys_dict_type` VALUES ('8', '通知状态', 'sys_notice_status', '0', 'admin', '2020-12-08 07:52:01', '', null, '通知状态列表');
INSERT INTO `sys_dict_type` VALUES ('9', '操作类型', 'sys_oper_type', '0', 'admin', '2020-12-08 07:52:01', '', null, '操作类型列表');
INSERT INTO `sys_dict_type` VALUES ('10', '系统状态', 'sys_common_status', '0', 'admin', '2020-12-08 07:52:01', '', null, '登录状态列表');
INSERT INTO `sys_dict_type` VALUES ('100', '资料状态', 'platf_doc_statu', '0', 'admin', '2020-12-08 10:13:03', '', null, '基础资料的可使用状态  0：有效  1：无效');

-- ----------------------------
-- Table structure for sys_job
-- ----------------------------
DROP TABLE IF EXISTS `sys_job`;
CREATE TABLE `sys_job` (
  `job_id` bigint(20) NOT NULL AUTO_INCREMENT COMMENT '任务ID',
  `job_name` varchar(64) NOT NULL DEFAULT '' COMMENT '任务名称',
  `job_group` varchar(64) NOT NULL DEFAULT 'DEFAULT' COMMENT '任务组名',
  `invoke_target` varchar(500) NOT NULL COMMENT '调用目标字符串',
  `cron_expression` varchar(255) DEFAULT '' COMMENT 'cron执行表达式',
  `misfire_policy` varchar(20) DEFAULT '3' COMMENT '计划执行错误策略（1立即执行 2执行一次 3放弃执行）',
  `concurrent` char(1) DEFAULT '1' COMMENT '是否并发执行（0允许 1禁止）',
  `status` char(1) DEFAULT '0' COMMENT '状态（0正常 1暂停）',
  `create_by` varchar(64) DEFAULT '' COMMENT '创建者',
  `create_time` datetime DEFAULT NULL COMMENT '创建时间',
  `update_by` varchar(64) DEFAULT '' COMMENT '更新者',
  `update_time` datetime DEFAULT NULL COMMENT '更新时间',
  `remark` varchar(500) DEFAULT '' COMMENT '备注信息',
  PRIMARY KEY (`job_id`,`job_name`,`job_group`)
) ENGINE=InnoDB AUTO_INCREMENT=4 DEFAULT CHARSET=utf8 COMMENT='定时任务调度表';

-- ----------------------------
-- Records of sys_job
-- ----------------------------
INSERT INTO `sys_job` VALUES ('1', '系统默认（无参）', 'DEFAULT', 'ryTask.ryNoParams', '0/10 * * * * ?', '3', '1', '1', 'admin', '2020-12-08 07:52:02', '', null, '');
INSERT INTO `sys_job` VALUES ('2', '系统默认（有参）', 'DEFAULT', 'ryTask.ryParams(\'ry\')', '0/15 * * * * ?', '3', '1', '1', 'admin', '2020-12-08 07:52:02', '', null, '');
INSERT INTO `sys_job` VALUES ('3', '系统默认（多参）', 'DEFAULT', 'ryTask.ryMultipleParams(\'ry\', true, 2000L, 316.50D, 100)', '0/20 * * * * ?', '3', '1', '1', 'admin', '2020-12-08 07:52:02', '', null, '');

-- ----------------------------
-- Table structure for sys_job_log
-- ----------------------------
DROP TABLE IF EXISTS `sys_job_log`;
CREATE TABLE `sys_job_log` (
  `job_log_id` bigint(20) NOT NULL AUTO_INCREMENT COMMENT '任务日志ID',
  `job_name` varchar(64) NOT NULL COMMENT '任务名称',
  `job_group` varchar(64) NOT NULL COMMENT '任务组名',
  `invoke_target` varchar(500) NOT NULL COMMENT '调用目标字符串',
  `job_message` varchar(500) DEFAULT NULL COMMENT '日志信息',
  `status` char(1) DEFAULT '0' COMMENT '执行状态（0正常 1失败）',
  `exception_info` varchar(2000) DEFAULT '' COMMENT '异常信息',
  `create_time` datetime DEFAULT NULL COMMENT '创建时间',
  PRIMARY KEY (`job_log_id`)
) ENGINE=InnoDB DEFAULT CHARSET=utf8 COMMENT='定时任务调度日志表';

-- ----------------------------
-- Records of sys_job_log
-- ----------------------------

-- ----------------------------
-- Table structure for sys_logininfor
-- ----------------------------
DROP TABLE IF EXISTS `sys_logininfor`;
CREATE TABLE `sys_logininfor` (
  `info_id` bigint(20) NOT NULL AUTO_INCREMENT COMMENT '访问ID',
  `login_name` varchar(50) DEFAULT '' COMMENT '登录账号',
  `ipaddr` varchar(50) DEFAULT '' COMMENT '登录IP地址',
  `login_location` varchar(255) DEFAULT '' COMMENT '登录地点',
  `browser` varchar(50) DEFAULT '' COMMENT '浏览器类型',
  `os` varchar(50) DEFAULT '' COMMENT '操作系统',
  `status` char(1) DEFAULT '0' COMMENT '登录状态（0成功 1失败）',
  `msg` varchar(255) DEFAULT '' COMMENT '提示消息',
  `login_time` datetime DEFAULT NULL COMMENT '访问时间',
  PRIMARY KEY (`info_id`)
) ENGINE=InnoDB AUTO_INCREMENT=188 DEFAULT CHARSET=utf8 COMMENT='系统访问记录';

-- ----------------------------
-- Records of sys_logininfor
-- ----------------------------
INSERT INTO `sys_logininfor` VALUES ('100', 'admin', '127.0.0.1', '内网IP', 'Chrome', 'Windows 7', '1', '验证码错误', '2020-12-08 09:18:59');
INSERT INTO `sys_logininfor` VALUES ('101', 'admin', '127.0.0.1', '内网IP', 'Chrome', 'Windows 7', '1', '验证码错误', '2020-12-08 09:19:04');
INSERT INTO `sys_logininfor` VALUES ('102', 'admin', '127.0.0.1', '内网IP', 'Chrome', 'Windows 7', '1', '验证码错误', '2020-12-08 09:19:09');
INSERT INTO `sys_logininfor` VALUES ('103', 'admin', '127.0.0.1', '内网IP', 'Chrome', 'Windows 7', '0', '登录成功', '2020-12-08 09:19:14');
INSERT INTO `sys_logininfor` VALUES ('104', 'admin', '127.0.0.1', '内网IP', 'Chrome', 'Windows 7', '0', '登录成功', '2020-12-09 08:00:45');
INSERT INTO `sys_logininfor` VALUES ('105', 'admin', '127.0.0.1', '内网IP', 'Chrome', 'Windows 7', '0', '登录成功', '2020-12-09 08:06:37');
INSERT INTO `sys_logininfor` VALUES ('106', 'admin', '127.0.0.1', '内网IP', 'Chrome', 'Windows 7', '0', '登录成功', '2020-12-09 08:14:16');
INSERT INTO `sys_logininfor` VALUES ('107', 'admin', '127.0.0.1', '内网IP', 'Chrome', 'Windows 7', '0', '登录成功', '2020-12-09 08:16:43');
INSERT INTO `sys_logininfor` VALUES ('108', 'admin', '127.0.0.1', '内网IP', 'Chrome', 'Windows 7', '1', '验证码错误', '2020-12-09 08:51:32');
INSERT INTO `sys_logininfor` VALUES ('109', 'admin', '127.0.0.1', '内网IP', 'Chrome', 'Windows 7', '0', '登录成功', '2020-12-09 08:51:37');
INSERT INTO `sys_logininfor` VALUES ('110', 'admin', '127.0.0.1', '内网IP', 'Chrome', 'Windows 7', '0', '登录成功', '2020-12-09 09:06:26');
INSERT INTO `sys_logininfor` VALUES ('111', 'admin', '127.0.0.1', '内网IP', 'Chrome', 'Windows 7', '1', '验证码错误', '2020-12-09 09:10:34');
INSERT INTO `sys_logininfor` VALUES ('112', 'admin', '127.0.0.1', '内网IP', 'Chrome', 'Windows 7', '0', '登录成功', '2020-12-09 09:10:39');
INSERT INTO `sys_logininfor` VALUES ('113', 'admin', '127.0.0.1', '内网IP', 'Chrome', 'Windows 7', '1', '验证码错误', '2020-12-09 09:22:44');
INSERT INTO `sys_logininfor` VALUES ('114', 'admin', '127.0.0.1', '内网IP', 'Chrome', 'Windows 7', '0', '登录成功', '2020-12-09 09:22:48');
INSERT INTO `sys_logininfor` VALUES ('115', 'admin', '127.0.0.1', '内网IP', 'Chrome', 'Windows 7', '0', '登录成功', '2020-12-09 10:17:13');
INSERT INTO `sys_logininfor` VALUES ('116', 'admin', '127.0.0.1', '内网IP', 'Chrome', 'Windows 7', '0', '登录成功', '2020-12-09 10:22:15');
INSERT INTO `sys_logininfor` VALUES ('117', 'admin', '127.0.0.1', '内网IP', 'Chrome', 'Windows 7', '0', '登录成功', '2020-12-09 10:33:14');
INSERT INTO `sys_logininfor` VALUES ('118', 'admin', '127.0.0.1', '内网IP', 'Chrome', 'Windows 7', '0', '登录成功', '2020-12-09 10:34:48');
INSERT INTO `sys_logininfor` VALUES ('119', 'admin', '127.0.0.1', '内网IP', 'Chrome', 'Windows 7', '0', '登录成功', '2020-12-09 10:36:30');
INSERT INTO `sys_logininfor` VALUES ('120', 'admin', '127.0.0.1', '内网IP', 'Chrome', 'Windows 7', '0', '登录成功', '2020-12-09 13:33:46');
INSERT INTO `sys_logininfor` VALUES ('121', 'admin', '127.0.0.1', '内网IP', 'Chrome', 'Windows 7', '1', '验证码错误', '2020-12-09 17:03:29');
INSERT INTO `sys_logininfor` VALUES ('122', 'admin', '127.0.0.1', '内网IP', 'Chrome', 'Windows 7', '0', '登录成功', '2020-12-09 17:03:35');
INSERT INTO `sys_logininfor` VALUES ('123', 'admin', '127.0.0.1', '内网IP', 'Chrome', 'Windows 7', '0', '登录成功', '2020-12-09 17:13:40');
INSERT INTO `sys_logininfor` VALUES ('124', 'admin', '127.0.0.1', '内网IP', 'Chrome', 'Windows 7', '0', '登录成功', '2020-12-09 17:18:01');
INSERT INTO `sys_logininfor` VALUES ('125', 'admin', '127.0.0.1', '内网IP', 'Chrome', 'Windows 7', '0', '登录成功', '2020-12-09 17:21:57');
INSERT INTO `sys_logininfor` VALUES ('126', 'admin', '127.0.0.1', '内网IP', 'Chrome', 'Windows 7', '0', '登录成功', '2020-12-09 17:26:09');
INSERT INTO `sys_logininfor` VALUES ('127', 'admin', '127.0.0.1', '内网IP', 'Chrome', 'Windows 7', '1', '验证码错误', '2020-12-09 17:29:07');
INSERT INTO `sys_logininfor` VALUES ('128', 'admin', '127.0.0.1', '内网IP', 'Chrome', 'Windows 7', '0', '登录成功', '2020-12-09 17:29:10');
INSERT INTO `sys_logininfor` VALUES ('129', 'admin', '127.0.0.1', '内网IP', 'Chrome', 'Windows 7', '0', '登录成功', '2020-12-09 17:40:25');
INSERT INTO `sys_logininfor` VALUES ('130', 'admin', '127.0.0.1', '内网IP', 'Chrome', 'Windows 7', '1', '验证码错误', '2020-12-09 17:48:44');
INSERT INTO `sys_logininfor` VALUES ('131', 'admin', '127.0.0.1', '内网IP', 'Chrome', 'Windows 7', '0', '登录成功', '2020-12-09 17:48:48');
INSERT INTO `sys_logininfor` VALUES ('132', 'admin', '127.0.0.1', '内网IP', 'Chrome', 'Windows 7', '0', '登录成功', '2020-12-09 17:55:42');
INSERT INTO `sys_logininfor` VALUES ('133', 'admin', '127.0.0.1', '内网IP', 'Chrome', 'Windows 7', '0', '登录成功', '2020-12-09 18:03:54');
INSERT INTO `sys_logininfor` VALUES ('134', 'admin', '127.0.0.1', '内网IP', 'Chrome', 'Windows 7', '0', '登录成功', '2020-12-09 18:07:36');
INSERT INTO `sys_logininfor` VALUES ('135', 'admin', '127.0.0.1', '内网IP', 'Chrome', 'Windows 7', '0', '登录成功', '2020-12-10 08:12:25');
INSERT INTO `sys_logininfor` VALUES ('136', 'admin', '127.0.0.1', '内网IP', 'Chrome', 'Windows 7', '0', '登录成功', '2020-12-10 08:45:22');
INSERT INTO `sys_logininfor` VALUES ('137', 'admin', '127.0.0.1', '内网IP', 'Chrome', 'Windows 7', '1', '验证码错误', '2020-12-10 09:00:11');
INSERT INTO `sys_logininfor` VALUES ('138', 'admin', '127.0.0.1', '内网IP', 'Chrome', 'Windows 7', '0', '登录成功', '2020-12-10 09:00:16');
INSERT INTO `sys_logininfor` VALUES ('139', 'admin', '127.0.0.1', '内网IP', 'Chrome', 'Windows 7', '0', '登录成功', '2020-12-10 09:05:07');
INSERT INTO `sys_logininfor` VALUES ('140', 'admin', '127.0.0.1', '内网IP', 'Chrome', 'Windows 7', '0', '登录成功', '2020-12-10 09:17:47');
INSERT INTO `sys_logininfor` VALUES ('141', 'admin', '127.0.0.1', '内网IP', 'Chrome', 'Windows 7', '0', '登录成功', '2020-12-10 09:40:23');
INSERT INTO `sys_logininfor` VALUES ('142', 'admin', '127.0.0.1', '内网IP', 'Chrome', 'Windows 7', '1', '验证码错误', '2020-12-10 09:46:59');
INSERT INTO `sys_logininfor` VALUES ('143', 'admin', '127.0.0.1', '内网IP', 'Chrome', 'Windows 7', '0', '登录成功', '2020-12-10 09:47:02');
INSERT INTO `sys_logininfor` VALUES ('144', 'admin', '127.0.0.1', '内网IP', 'Chrome', 'Windows 7', '1', '验证码错误', '2020-12-10 10:00:33');
INSERT INTO `sys_logininfor` VALUES ('145', 'admin', '127.0.0.1', '内网IP', 'Chrome', 'Windows 7', '0', '登录成功', '2020-12-10 10:00:37');
INSERT INTO `sys_logininfor` VALUES ('146', 'admin', '127.0.0.1', '内网IP', 'Chrome', 'Windows 7', '0', '登录成功', '2020-12-10 10:39:16');
INSERT INTO `sys_logininfor` VALUES ('147', 'admin', '127.0.0.1', '内网IP', 'Chrome', 'Windows 7', '0', '登录成功', '2020-12-10 13:51:57');
INSERT INTO `sys_logininfor` VALUES ('148', 'admin', '127.0.0.1', '内网IP', 'Chrome', 'Windows 7', '0', '登录成功', '2020-12-12 08:13:47');
INSERT INTO `sys_logininfor` VALUES ('149', 'admin', '127.0.0.1', '内网IP', 'Chrome', 'Windows 7', '0', '登录成功', '2020-12-12 10:38:23');
INSERT INTO `sys_logininfor` VALUES ('150', 'admin', '127.0.0.1', '内网IP', 'Chrome', 'Windows 7', '0', '登录成功', '2020-12-12 10:51:37');
INSERT INTO `sys_logininfor` VALUES ('151', 'admin', '127.0.0.1', '内网IP', 'Chrome', 'Windows 7', '0', '登录成功', '2020-12-12 14:34:53');
INSERT INTO `sys_logininfor` VALUES ('152', 'admin', '127.0.0.1', '内网IP', 'Chrome', 'Windows 7', '1', '验证码错误', '2020-12-12 14:36:45');
INSERT INTO `sys_logininfor` VALUES ('153', 'admin', '127.0.0.1', '内网IP', 'Chrome', 'Windows 7', '0', '登录成功', '2020-12-12 14:36:50');
INSERT INTO `sys_logininfor` VALUES ('154', 'admin', '127.0.0.1', '内网IP', 'Chrome', 'Windows 7', '1', '验证码错误', '2020-12-12 15:01:52');
INSERT INTO `sys_logininfor` VALUES ('155', 'admin', '127.0.0.1', '内网IP', 'Chrome', 'Windows 7', '1', '验证码错误', '2020-12-12 15:01:55');
INSERT INTO `sys_logininfor` VALUES ('156', 'admin', '127.0.0.1', '内网IP', 'Chrome', 'Windows 7', '0', '登录成功', '2020-12-12 15:02:00');
INSERT INTO `sys_logininfor` VALUES ('157', 'admin', '127.0.0.1', '内网IP', 'Chrome', 'Windows 7', '0', '登录成功', '2020-12-12 15:37:30');
INSERT INTO `sys_logininfor` VALUES ('158', 'admin', '127.0.0.1', '内网IP', 'Chrome', 'Windows 7', '0', '登录成功', '2020-12-12 15:54:35');
INSERT INTO `sys_logininfor` VALUES ('159', 'admin', '127.0.0.1', '内网IP', 'Chrome', 'Windows 7', '1', '验证码错误', '2020-12-12 15:59:13');
INSERT INTO `sys_logininfor` VALUES ('160', 'admin', '127.0.0.1', '内网IP', 'Chrome', 'Windows 7', '0', '登录成功', '2020-12-12 15:59:17');
INSERT INTO `sys_logininfor` VALUES ('161', 'admin', '127.0.0.1', '内网IP', 'Chrome', 'Windows 7', '0', '登录成功', '2020-12-14 09:15:54');
INSERT INTO `sys_logininfor` VALUES ('162', 'admin', '127.0.0.1', '内网IP', 'Chrome 45', 'Windows 7', '0', '登录成功', '2020-12-14 09:52:48');
INSERT INTO `sys_logininfor` VALUES ('163', 'admin', '127.0.0.1', '内网IP', 'Chrome 45', 'Windows 7', '0', '登录成功', '2020-12-14 09:58:44');
INSERT INTO `sys_logininfor` VALUES ('164', 'admin', '127.0.0.1', '内网IP', 'Chrome 45', 'Windows 7', '0', '登录成功', '2020-12-14 10:11:36');
INSERT INTO `sys_logininfor` VALUES ('165', 'admin', '127.0.0.1', '内网IP', 'Chrome 45', 'Windows 7', '0', '登录成功', '2020-12-14 10:59:22');
INSERT INTO `sys_logininfor` VALUES ('166', 'admin', '127.0.0.1', '内网IP', 'Chrome 45', 'Windows 7', '1', '验证码错误', '2020-12-14 11:01:53');
INSERT INTO `sys_logininfor` VALUES ('167', 'admin', '127.0.0.1', '内网IP', 'Chrome 45', 'Windows 7', '0', '登录成功', '2020-12-14 11:01:56');
INSERT INTO `sys_logininfor` VALUES ('168', 'admin', '127.0.0.1', '内网IP', 'Chrome 45', 'Windows 7', '0', '登录成功', '2020-12-14 11:10:08');
INSERT INTO `sys_logininfor` VALUES ('169', 'admin', '127.0.0.1', '内网IP', 'Chrome 45', 'Windows 7', '1', '验证码错误', '2020-12-14 13:28:48');
INSERT INTO `sys_logininfor` VALUES ('170', 'admin', '127.0.0.1', '内网IP', 'Chrome 45', 'Windows 7', '1', '验证码错误', '2020-12-14 13:28:52');
INSERT INTO `sys_logininfor` VALUES ('171', 'admin', '127.0.0.1', '内网IP', 'Chrome 45', 'Windows 7', '0', '登录成功', '2020-12-14 13:28:54');
INSERT INTO `sys_logininfor` VALUES ('172', 'admin', '127.0.0.1', '内网IP', 'Chrome 45', 'Windows 7', '0', '登录成功', '2020-12-14 14:08:48');
INSERT INTO `sys_logininfor` VALUES ('173', 'admin', '127.0.0.1', '内网IP', 'Chrome 45', 'Windows 7', '1', '验证码错误', '2020-12-14 16:08:58');
INSERT INTO `sys_logininfor` VALUES ('174', 'admin', '127.0.0.1', '内网IP', 'Chrome 45', 'Windows 7', '0', '登录成功', '2020-12-14 16:09:05');
INSERT INTO `sys_logininfor` VALUES ('175', 'admin', '127.0.0.1', '内网IP', 'Chrome 45', 'Windows 7', '0', '登录成功', '2020-12-14 16:15:16');
INSERT INTO `sys_logininfor` VALUES ('176', 'admin', '127.0.0.1', '内网IP', 'Chrome 45', 'Windows 7', '1', '验证码错误', '2020-12-14 16:38:23');
INSERT INTO `sys_logininfor` VALUES ('177', 'admin', '127.0.0.1', '内网IP', 'Chrome 45', 'Windows 7', '0', '登录成功', '2020-12-14 16:38:29');
INSERT INTO `sys_logininfor` VALUES ('178', 'admin', '127.0.0.1', '内网IP', 'Chrome 45', 'Windows 7', '1', '验证码错误', '2020-12-14 16:42:34');
INSERT INTO `sys_logininfor` VALUES ('179', 'admin', '127.0.0.1', '内网IP', 'Chrome 45', 'Windows 7', '0', '登录成功', '2020-12-14 16:42:37');
INSERT INTO `sys_logininfor` VALUES ('180', 'admin', '127.0.0.1', '内网IP', 'Chrome 45', 'Windows 7', '0', '登录成功', '2020-12-14 16:44:41');
INSERT INTO `sys_logininfor` VALUES ('181', 'admin', '127.0.0.1', '内网IP', 'Chrome 45', 'Windows 7', '0', '登录成功', '2020-12-14 16:47:02');
INSERT INTO `sys_logininfor` VALUES ('182', 'admin', '127.0.0.1', '内网IP', 'Chrome 45', 'Windows 7', '1', '验证码错误', '2020-12-14 17:04:07');
INSERT INTO `sys_logininfor` VALUES ('183', 'admin', '127.0.0.1', '内网IP', 'Chrome 45', 'Windows 7', '0', '登录成功', '2020-12-14 17:04:11');
INSERT INTO `sys_logininfor` VALUES ('184', 'admin', '127.0.0.1', '内网IP', 'Chrome 45', 'Windows 7', '0', '登录成功', '2020-12-14 17:09:32');
INSERT INTO `sys_logininfor` VALUES ('185', 'admin', '127.0.0.1', '内网IP', 'Chrome 45', 'Windows 7', '1', '验证码错误', '2020-12-14 17:22:41');
INSERT INTO `sys_logininfor` VALUES ('186', 'admin', '127.0.0.1', '内网IP', 'Chrome 45', 'Windows 7', '1', '验证码错误', '2020-12-14 17:22:50');
INSERT INTO `sys_logininfor` VALUES ('187', 'admin', '127.0.0.1', '内网IP', 'Chrome 45', 'Windows 7', '0', '登录成功', '2020-12-14 17:22:54');

-- ----------------------------
-- Table structure for sys_menu
-- ----------------------------
DROP TABLE IF EXISTS `sys_menu`;
CREATE TABLE `sys_menu` (
  `menu_id` bigint(20) NOT NULL AUTO_INCREMENT COMMENT '菜单ID',
  `menu_name` varchar(50) NOT NULL COMMENT '菜单名称',
  `parent_id` bigint(20) DEFAULT '0' COMMENT '父菜单ID',
  `order_num` int(4) DEFAULT '0' COMMENT '显示顺序',
  `url` varchar(200) DEFAULT '#' COMMENT '请求地址',
  `target` varchar(20) DEFAULT '' COMMENT '打开方式（menuItem页签 menuBlank新窗口）',
  `menu_type` char(1) DEFAULT '' COMMENT '菜单类型（M目录 C菜单 F按钮）',
  `visible` char(1) DEFAULT '0' COMMENT '菜单状态（0显示 1隐藏）',
  `perms` varchar(100) DEFAULT NULL COMMENT '权限标识',
  `icon` varchar(100) DEFAULT '#' COMMENT '菜单图标',
  `create_by` varchar(64) DEFAULT '' COMMENT '创建者',
  `create_time` datetime DEFAULT NULL COMMENT '创建时间',
  `update_by` varchar(64) DEFAULT '' COMMENT '更新者',
  `update_time` datetime DEFAULT NULL COMMENT '更新时间',
  `remark` varchar(500) DEFAULT '' COMMENT '备注',
  PRIMARY KEY (`menu_id`)
) ENGINE=InnoDB AUTO_INCREMENT=2056 DEFAULT CHARSET=utf8 COMMENT='菜单权限表';

-- ----------------------------
-- Records of sys_menu
-- ----------------------------
INSERT INTO `sys_menu` VALUES ('1', '系统管理', '0', '1', '#', '', 'M', '0', '', 'fa fa-gear', 'admin', '2020-12-08 07:52:00', '', null, '系统管理目录');
INSERT INTO `sys_menu` VALUES ('2', '系统监控', '0', '2', '#', '', 'M', '0', '', 'fa fa-video-camera', 'admin', '2020-12-08 07:52:00', '', null, '系统监控目录');
INSERT INTO `sys_menu` VALUES ('3', '系统工具', '0', '3', '#', '', 'M', '0', '', 'fa fa-bars', 'admin', '2020-12-08 07:52:00', '', null, '系统工具目录');
INSERT INTO `sys_menu` VALUES ('4', '若依官网', '0', '4', 'http://ruoyi.vip', 'menuBlank', 'C', '1', '', 'fa fa-location-arrow', 'admin', '2020-12-08 07:52:00', 'admin', '2020-12-09 07:45:00', '若依官网地址');
INSERT INTO `sys_menu` VALUES ('100', '用户管理', '1', '1', '/system/user', '', 'C', '0', 'system:user:view', 'fa fa-user-o', 'admin', '2020-12-08 07:52:00', '', null, '用户管理菜单');
INSERT INTO `sys_menu` VALUES ('101', '角色管理', '1', '2', '/system/role', '', 'C', '0', 'system:role:view', 'fa fa-user-secret', 'admin', '2020-12-08 07:52:00', '', null, '角色管理菜单');
INSERT INTO `sys_menu` VALUES ('102', '菜单管理', '1', '3', '/system/menu', '', 'C', '0', 'system:menu:view', 'fa fa-th-list', 'admin', '2020-12-08 07:52:00', '', null, '菜单管理菜单');
INSERT INTO `sys_menu` VALUES ('103', '部门管理', '1', '4', '/system/dept', '', 'C', '0', 'system:dept:view', 'fa fa-outdent', 'admin', '2020-12-08 07:52:00', '', null, '部门管理菜单');
INSERT INTO `sys_menu` VALUES ('104', '岗位管理', '1', '5', '/system/post', '', 'C', '0', 'system:post:view', 'fa fa-address-card-o', 'admin', '2020-12-08 07:52:00', '', null, '岗位管理菜单');
INSERT INTO `sys_menu` VALUES ('105', '字典管理', '1', '6', '/system/dict', '', 'C', '0', 'system:dict:view', 'fa fa-bookmark-o', 'admin', '2020-12-08 07:52:00', '', null, '字典管理菜单');
INSERT INTO `sys_menu` VALUES ('106', '参数设置', '1', '7', '/system/config', '', 'C', '0', 'system:config:view', 'fa fa-sun-o', 'admin', '2020-12-08 07:52:00', '', null, '参数设置菜单');
INSERT INTO `sys_menu` VALUES ('107', '通知公告', '1', '8', '/system/notice', '', 'C', '0', 'system:notice:view', 'fa fa-bullhorn', 'admin', '2020-12-08 07:52:00', '', null, '通知公告菜单');
INSERT INTO `sys_menu` VALUES ('108', '日志管理', '1', '9', '#', '', 'M', '0', '', 'fa fa-pencil-square-o', 'admin', '2020-12-08 07:52:00', '', null, '日志管理菜单');
INSERT INTO `sys_menu` VALUES ('109', '在线用户', '2', '1', '/monitor/online', '', 'C', '0', 'monitor:online:view', 'fa fa-user-circle', 'admin', '2020-12-08 07:52:00', '', null, '在线用户菜单');
INSERT INTO `sys_menu` VALUES ('110', '定时任务', '2', '2', '/monitor/job', '', 'C', '0', 'monitor:job:view', 'fa fa-tasks', 'admin', '2020-12-08 07:52:00', '', null, '定时任务菜单');
INSERT INTO `sys_menu` VALUES ('111', '数据监控', '2', '3', '/monitor/data', '', 'C', '0', 'monitor:data:view', 'fa fa-bug', 'admin', '2020-12-08 07:52:00', '', null, '数据监控菜单');
INSERT INTO `sys_menu` VALUES ('112', '服务监控', '2', '4', '/monitor/server', '', 'C', '0', 'monitor:server:view', 'fa fa-server', 'admin', '2020-12-08 07:52:00', '', null, '服务监控菜单');
INSERT INTO `sys_menu` VALUES ('113', '缓存监控', '2', '5', '/monitor/cache', '', 'C', '0', 'monitor:cache:view', 'fa fa-cube', 'admin', '2020-12-08 07:52:00', '', null, '缓存监控菜单');
INSERT INTO `sys_menu` VALUES ('114', '表单构建', '3', '1', '/tool/build', '', 'C', '0', 'tool:build:view', 'fa fa-wpforms', 'admin', '2020-12-08 07:52:00', '', null, '表单构建菜单');
INSERT INTO `sys_menu` VALUES ('115', '代码生成', '3', '2', '/tool/gen', '', 'C', '0', 'tool:gen:view', 'fa fa-code', 'admin', '2020-12-08 07:52:00', '', null, '代码生成菜单');
INSERT INTO `sys_menu` VALUES ('116', '系统接口', '3', '3', '/tool/swagger', '', 'C', '0', 'tool:swagger:view', 'fa fa-gg', 'admin', '2020-12-08 07:52:00', '', null, '系统接口菜单');
INSERT INTO `sys_menu` VALUES ('500', '操作日志', '108', '1', '/monitor/operlog', '', 'C', '0', 'monitor:operlog:view', 'fa fa-address-book', 'admin', '2020-12-08 07:52:00', '', null, '操作日志菜单');
INSERT INTO `sys_menu` VALUES ('501', '登录日志', '108', '2', '/monitor/logininfor', '', 'C', '0', 'monitor:logininfor:view', 'fa fa-file-image-o', 'admin', '2020-12-08 07:52:00', '', null, '登录日志菜单');
INSERT INTO `sys_menu` VALUES ('1000', '用户查询', '100', '1', '#', '', 'F', '0', 'system:user:list', '#', 'admin', '2020-12-08 07:52:00', '', null, '');
INSERT INTO `sys_menu` VALUES ('1001', '用户新增', '100', '2', '#', '', 'F', '0', 'system:user:add', '#', 'admin', '2020-12-08 07:52:00', '', null, '');
INSERT INTO `sys_menu` VALUES ('1002', '用户修改', '100', '3', '#', '', 'F', '0', 'system:user:edit', '#', 'admin', '2020-12-08 07:52:00', '', null, '');
INSERT INTO `sys_menu` VALUES ('1003', '用户删除', '100', '4', '#', '', 'F', '0', 'system:user:remove', '#', 'admin', '2020-12-08 07:52:00', '', null, '');
INSERT INTO `sys_menu` VALUES ('1004', '用户导出', '100', '5', '#', '', 'F', '0', 'system:user:export', '#', 'admin', '2020-12-08 07:52:00', '', null, '');
INSERT INTO `sys_menu` VALUES ('1005', '用户导入', '100', '6', '#', '', 'F', '0', 'system:user:import', '#', 'admin', '2020-12-08 07:52:00', '', null, '');
INSERT INTO `sys_menu` VALUES ('1006', '重置密码', '100', '7', '#', '', 'F', '0', 'system:user:resetPwd', '#', 'admin', '2020-12-08 07:52:00', '', null, '');
INSERT INTO `sys_menu` VALUES ('1007', '角色查询', '101', '1', '#', '', 'F', '0', 'system:role:list', '#', 'admin', '2020-12-08 07:52:00', '', null, '');
INSERT INTO `sys_menu` VALUES ('1008', '角色新增', '101', '2', '#', '', 'F', '0', 'system:role:add', '#', 'admin', '2020-12-08 07:52:00', '', null, '');
INSERT INTO `sys_menu` VALUES ('1009', '角色修改', '101', '3', '#', '', 'F', '0', 'system:role:edit', '#', 'admin', '2020-12-08 07:52:00', '', null, '');
INSERT INTO `sys_menu` VALUES ('1010', '角色删除', '101', '4', '#', '', 'F', '0', 'system:role:remove', '#', 'admin', '2020-12-08 07:52:00', '', null, '');
INSERT INTO `sys_menu` VALUES ('1011', '角色导出', '101', '5', '#', '', 'F', '0', 'system:role:export', '#', 'admin', '2020-12-08 07:52:00', '', null, '');
INSERT INTO `sys_menu` VALUES ('1012', '菜单查询', '102', '1', '#', '', 'F', '0', 'system:menu:list', '#', 'admin', '2020-12-08 07:52:00', '', null, '');
INSERT INTO `sys_menu` VALUES ('1013', '菜单新增', '102', '2', '#', '', 'F', '0', 'system:menu:add', '#', 'admin', '2020-12-08 07:52:00', '', null, '');
INSERT INTO `sys_menu` VALUES ('1014', '菜单修改', '102', '3', '#', '', 'F', '0', 'system:menu:edit', '#', 'admin', '2020-12-08 07:52:00', '', null, '');
INSERT INTO `sys_menu` VALUES ('1015', '菜单删除', '102', '4', '#', '', 'F', '0', 'system:menu:remove', '#', 'admin', '2020-12-08 07:52:00', '', null, '');
INSERT INTO `sys_menu` VALUES ('1016', '部门查询', '103', '1', '#', '', 'F', '0', 'system:dept:list', '#', 'admin', '2020-12-08 07:52:00', '', null, '');
INSERT INTO `sys_menu` VALUES ('1017', '部门新增', '103', '2', '#', '', 'F', '0', 'system:dept:add', '#', 'admin', '2020-12-08 07:52:00', '', null, '');
INSERT INTO `sys_menu` VALUES ('1018', '部门修改', '103', '3', '#', '', 'F', '0', 'system:dept:edit', '#', 'admin', '2020-12-08 07:52:00', '', null, '');
INSERT INTO `sys_menu` VALUES ('1019', '部门删除', '103', '4', '#', '', 'F', '0', 'system:dept:remove', '#', 'admin', '2020-12-08 07:52:00', '', null, '');
INSERT INTO `sys_menu` VALUES ('1020', '岗位查询', '104', '1', '#', '', 'F', '0', 'system:post:list', '#', 'admin', '2020-12-08 07:52:00', '', null, '');
INSERT INTO `sys_menu` VALUES ('1021', '岗位新增', '104', '2', '#', '', 'F', '0', 'system:post:add', '#', 'admin', '2020-12-08 07:52:00', '', null, '');
INSERT INTO `sys_menu` VALUES ('1022', '岗位修改', '104', '3', '#', '', 'F', '0', 'system:post:edit', '#', 'admin', '2020-12-08 07:52:00', '', null, '');
INSERT INTO `sys_menu` VALUES ('1023', '岗位删除', '104', '4', '#', '', 'F', '0', 'system:post:remove', '#', 'admin', '2020-12-08 07:52:00', '', null, '');
INSERT INTO `sys_menu` VALUES ('1024', '岗位导出', '104', '5', '#', '', 'F', '0', 'system:post:export', '#', 'admin', '2020-12-08 07:52:00', '', null, '');
INSERT INTO `sys_menu` VALUES ('1025', '字典查询', '105', '1', '#', '', 'F', '0', 'system:dict:list', '#', 'admin', '2020-12-08 07:52:00', '', null, '');
INSERT INTO `sys_menu` VALUES ('1026', '字典新增', '105', '2', '#', '', 'F', '0', 'system:dict:add', '#', 'admin', '2020-12-08 07:52:00', '', null, '');
INSERT INTO `sys_menu` VALUES ('1027', '字典修改', '105', '3', '#', '', 'F', '0', 'system:dict:edit', '#', 'admin', '2020-12-08 07:52:00', '', null, '');
INSERT INTO `sys_menu` VALUES ('1028', '字典删除', '105', '4', '#', '', 'F', '0', 'system:dict:remove', '#', 'admin', '2020-12-08 07:52:00', '', null, '');
INSERT INTO `sys_menu` VALUES ('1029', '字典导出', '105', '5', '#', '', 'F', '0', 'system:dict:export', '#', 'admin', '2020-12-08 07:52:00', '', null, '');
INSERT INTO `sys_menu` VALUES ('1030', '参数查询', '106', '1', '#', '', 'F', '0', 'system:config:list', '#', 'admin', '2020-12-08 07:52:00', '', null, '');
INSERT INTO `sys_menu` VALUES ('1031', '参数新增', '106', '2', '#', '', 'F', '0', 'system:config:add', '#', 'admin', '2020-12-08 07:52:00', '', null, '');
INSERT INTO `sys_menu` VALUES ('1032', '参数修改', '106', '3', '#', '', 'F', '0', 'system:config:edit', '#', 'admin', '2020-12-08 07:52:00', '', null, '');
INSERT INTO `sys_menu` VALUES ('1033', '参数删除', '106', '4', '#', '', 'F', '0', 'system:config:remove', '#', 'admin', '2020-12-08 07:52:00', '', null, '');
INSERT INTO `sys_menu` VALUES ('1034', '参数导出', '106', '5', '#', '', 'F', '0', 'system:config:export', '#', 'admin', '2020-12-08 07:52:00', '', null, '');
INSERT INTO `sys_menu` VALUES ('1035', '公告查询', '107', '1', '#', '', 'F', '0', 'system:notice:list', '#', 'admin', '2020-12-08 07:52:00', '', null, '');
INSERT INTO `sys_menu` VALUES ('1036', '公告新增', '107', '2', '#', '', 'F', '0', 'system:notice:add', '#', 'admin', '2020-12-08 07:52:00', '', null, '');
INSERT INTO `sys_menu` VALUES ('1037', '公告修改', '107', '3', '#', '', 'F', '0', 'system:notice:edit', '#', 'admin', '2020-12-08 07:52:00', '', null, '');
INSERT INTO `sys_menu` VALUES ('1038', '公告删除', '107', '4', '#', '', 'F', '0', 'system:notice:remove', '#', 'admin', '2020-12-08 07:52:00', '', null, '');
INSERT INTO `sys_menu` VALUES ('1039', '操作查询', '500', '1', '#', '', 'F', '0', 'monitor:operlog:list', '#', 'admin', '2020-12-08 07:52:00', '', null, '');
INSERT INTO `sys_menu` VALUES ('1040', '操作删除', '500', '2', '#', '', 'F', '0', 'monitor:operlog:remove', '#', 'admin', '2020-12-08 07:52:00', '', null, '');
INSERT INTO `sys_menu` VALUES ('1041', '详细信息', '500', '3', '#', '', 'F', '0', 'monitor:operlog:detail', '#', 'admin', '2020-12-08 07:52:00', '', null, '');
INSERT INTO `sys_menu` VALUES ('1042', '日志导出', '500', '4', '#', '', 'F', '0', 'monitor:operlog:export', '#', 'admin', '2020-12-08 07:52:00', '', null, '');
INSERT INTO `sys_menu` VALUES ('1043', '登录查询', '501', '1', '#', '', 'F', '0', 'monitor:logininfor:list', '#', 'admin', '2020-12-08 07:52:00', '', null, '');
INSERT INTO `sys_menu` VALUES ('1044', '登录删除', '501', '2', '#', '', 'F', '0', 'monitor:logininfor:remove', '#', 'admin', '2020-12-08 07:52:00', '', null, '');
INSERT INTO `sys_menu` VALUES ('1045', '日志导出', '501', '3', '#', '', 'F', '0', 'monitor:logininfor:export', '#', 'admin', '2020-12-08 07:52:00', '', null, '');
INSERT INTO `sys_menu` VALUES ('1046', '账户解锁', '501', '4', '#', '', 'F', '0', 'monitor:logininfor:unlock', '#', 'admin', '2020-12-08 07:52:00', '', null, '');
INSERT INTO `sys_menu` VALUES ('1047', '在线查询', '109', '1', '#', '', 'F', '0', 'monitor:online:list', '#', 'admin', '2020-12-08 07:52:00', '', null, '');
INSERT INTO `sys_menu` VALUES ('1048', '批量强退', '109', '2', '#', '', 'F', '0', 'monitor:online:batchForceLogout', '#', 'admin', '2020-12-08 07:52:00', '', null, '');
INSERT INTO `sys_menu` VALUES ('1049', '单条强退', '109', '3', '#', '', 'F', '0', 'monitor:online:forceLogout', '#', 'admin', '2020-12-08 07:52:00', '', null, '');
INSERT INTO `sys_menu` VALUES ('1050', '任务查询', '110', '1', '#', '', 'F', '0', 'monitor:job:list', '#', 'admin', '2020-12-08 07:52:00', '', null, '');
INSERT INTO `sys_menu` VALUES ('1051', '任务新增', '110', '2', '#', '', 'F', '0', 'monitor:job:add', '#', 'admin', '2020-12-08 07:52:00', '', null, '');
INSERT INTO `sys_menu` VALUES ('1052', '任务修改', '110', '3', '#', '', 'F', '0', 'monitor:job:edit', '#', 'admin', '2020-12-08 07:52:00', '', null, '');
INSERT INTO `sys_menu` VALUES ('1053', '任务删除', '110', '4', '#', '', 'F', '0', 'monitor:job:remove', '#', 'admin', '2020-12-08 07:52:00', '', null, '');
INSERT INTO `sys_menu` VALUES ('1054', '状态修改', '110', '5', '#', '', 'F', '0', 'monitor:job:changeStatus', '#', 'admin', '2020-12-08 07:52:00', '', null, '');
INSERT INTO `sys_menu` VALUES ('1055', '任务详细', '110', '6', '#', '', 'F', '0', 'monitor:job:detail', '#', 'admin', '2020-12-08 07:52:00', '', null, '');
INSERT INTO `sys_menu` VALUES ('1056', '任务导出', '110', '7', '#', '', 'F', '0', 'monitor:job:export', '#', 'admin', '2020-12-08 07:52:00', '', null, '');
INSERT INTO `sys_menu` VALUES ('1057', '生成查询', '115', '1', '#', '', 'F', '0', 'tool:gen:list', '#', 'admin', '2020-12-08 07:52:00', '', null, '');
INSERT INTO `sys_menu` VALUES ('1058', '生成修改', '115', '2', '#', '', 'F', '0', 'tool:gen:edit', '#', 'admin', '2020-12-08 07:52:00', '', null, '');
INSERT INTO `sys_menu` VALUES ('1059', '生成删除', '115', '3', '#', '', 'F', '0', 'tool:gen:remove', '#', 'admin', '2020-12-08 07:52:00', '', null, '');
INSERT INTO `sys_menu` VALUES ('1060', '预览代码', '115', '4', '#', '', 'F', '0', 'tool:gen:preview', '#', 'admin', '2020-12-08 07:52:00', '', null, '');
INSERT INTO `sys_menu` VALUES ('1061', '生成代码', '115', '5', '#', '', 'F', '0', 'tool:gen:code', '#', 'admin', '2020-12-08 07:52:00', '', null, '');
INSERT INTO `sys_menu` VALUES ('2000', '平台信息', '0', '1', '#', 'menuItem', 'M', '0', null, 'fa fa-university', 'admin', '2020-12-08 10:24:50', '', null, '');
INSERT INTO `sys_menu` VALUES ('2001', '基础设置', '2000', '2', '#', 'menuItem', 'M', '0', null, 'fa fa-cogs', 'admin', '2020-12-08 10:26:31', '', null, '');
INSERT INTO `sys_menu` VALUES ('2050', '经济类型', '2001', '1', '/platform/econtype', '', 'C', '0', 'platform:econtype:view', '#', 'admin', '2020-12-09 09:27:53', '', null, '经济类型菜单');
INSERT INTO `sys_menu` VALUES ('2051', '经济类型查询', '2050', '1', '#', '', 'F', '0', 'platform:econtype:list', '#', 'admin', '2020-12-09 09:27:53', '', null, '');
INSERT INTO `sys_menu` VALUES ('2052', '经济类型新增', '2050', '2', '#', '', 'F', '0', 'platform:econtype:add', '#', 'admin', '2020-12-09 09:27:53', '', null, '');
INSERT INTO `sys_menu` VALUES ('2053', '经济类型修改', '2050', '3', '#', '', 'F', '0', 'platform:econtype:edit', '#', 'admin', '2020-12-09 09:27:53', '', null, '');
INSERT INTO `sys_menu` VALUES ('2054', '经济类型删除', '2050', '4', '#', '', 'F', '0', 'platform:econtype:remove', '#', 'admin', '2020-12-09 09:27:53', '', null, '');
INSERT INTO `sys_menu` VALUES ('2055', '经济类型导出', '2050', '5', '#', '', 'F', '0', 'platform:econtype:export', '#', 'admin', '2020-12-09 09:27:53', '', null, '');

-- ----------------------------
-- Table structure for sys_notice
-- ----------------------------
DROP TABLE IF EXISTS `sys_notice`;
CREATE TABLE `sys_notice` (
  `notice_id` int(4) NOT NULL AUTO_INCREMENT COMMENT '公告ID',
  `notice_title` varchar(50) NOT NULL COMMENT '公告标题',
  `notice_type` char(1) NOT NULL COMMENT '公告类型（1通知 2公告）',
  `notice_content` varchar(2000) DEFAULT NULL COMMENT '公告内容',
  `status` char(1) DEFAULT '0' COMMENT '公告状态（0正常 1关闭）',
  `create_by` varchar(64) DEFAULT '' COMMENT '创建者',
  `create_time` datetime DEFAULT NULL COMMENT '创建时间',
  `update_by` varchar(64) DEFAULT '' COMMENT '更新者',
  `update_time` datetime DEFAULT NULL COMMENT '更新时间',
  `remark` varchar(255) DEFAULT NULL COMMENT '备注',
  PRIMARY KEY (`notice_id`)
) ENGINE=InnoDB AUTO_INCREMENT=3 DEFAULT CHARSET=utf8 COMMENT='通知公告表';

-- ----------------------------
-- Records of sys_notice
-- ----------------------------
INSERT INTO `sys_notice` VALUES ('1', '温馨提醒：2018-07-01 若依新版本发布啦', '2', '新版本内容', '0', 'admin', '2020-12-08 07:52:02', '', null, '管理员');
INSERT INTO `sys_notice` VALUES ('2', '维护通知：2018-07-01 若依系统凌晨维护', '1', '维护内容', '0', 'admin', '2020-12-08 07:52:02', '', null, '管理员');

-- ----------------------------
-- Table structure for sys_oper_log
-- ----------------------------
DROP TABLE IF EXISTS `sys_oper_log`;
CREATE TABLE `sys_oper_log` (
  `oper_id` bigint(20) NOT NULL AUTO_INCREMENT COMMENT '日志主键',
  `title` varchar(50) DEFAULT '' COMMENT '模块标题',
  `business_type` int(2) DEFAULT '0' COMMENT '业务类型（0其它 1新增 2修改 3删除）',
  `method` varchar(100) DEFAULT '' COMMENT '方法名称',
  `request_method` varchar(10) DEFAULT '' COMMENT '请求方式',
  `operator_type` int(1) DEFAULT '0' COMMENT '操作类别（0其它 1后台用户 2手机端用户）',
  `oper_name` varchar(50) DEFAULT '' COMMENT '操作人员',
  `dept_name` varchar(50) DEFAULT '' COMMENT '部门名称',
  `oper_url` varchar(255) DEFAULT '' COMMENT '请求URL',
  `oper_ip` varchar(50) DEFAULT '' COMMENT '主机地址',
  `oper_location` varchar(255) DEFAULT '' COMMENT '操作地点',
  `oper_param` varchar(2000) DEFAULT '' COMMENT '请求参数',
  `json_result` varchar(2000) DEFAULT '' COMMENT '返回参数',
  `status` int(1) DEFAULT '0' COMMENT '操作状态（0正常 1异常）',
  `error_msg` varchar(2000) DEFAULT '' COMMENT '错误消息',
  `oper_time` datetime DEFAULT NULL COMMENT '操作时间',
  PRIMARY KEY (`oper_id`)
) ENGINE=InnoDB AUTO_INCREMENT=303 DEFAULT CHARSET=utf8 COMMENT='操作日志记录';

-- ----------------------------
-- Records of sys_oper_log
-- ----------------------------
INSERT INTO `sys_oper_log` VALUES ('100', '代码生成', '6', 'com.ruoyi.generator.controller.GenController.importTableSave()', 'POST', '1', 'admin', '研发部门', '/tool/gen/importTable', '127.0.0.1', '内网IP', '{\"tables\":[\"platf_econ_type\"]}', '{\r\n  \"msg\" : \"操作成功\",\r\n  \"code\" : 0\r\n}', '0', null, '2020-12-08 09:59:52');
INSERT INTO `sys_oper_log` VALUES ('101', '代码生成', '2', 'com.ruoyi.generator.controller.GenController.editSave()', 'POST', '1', 'admin', '研发部门', '/tool/gen/edit', '127.0.0.1', '内网IP', '{\"tableId\":[\"1\"],\"tableName\":[\"platf_econ_type\"],\"tableComment\":[\"经济类型 \"],\"className\":[\"EconType\"],\"functionAuthor\":[\"dalin\"],\"remark\":[\"\"],\"columns[0].columnId\":[\"1\"],\"columns[0].sort\":[\"1\"],\"columns[0].columnComment\":[\"主键\"],\"columns[0].javaType\":[\"Long\"],\"columns[0].javaField\":[\"econId\"],\"columns[0].isInsert\":[\"1\"],\"columns[0].queryType\":[\"EQ\"],\"columns[0].htmlType\":[\"input\"],\"columns[0].dictType\":[\"\"],\"columns[1].columnId\":[\"2\"],\"columns[1].sort\":[\"2\"],\"columns[1].columnComment\":[\"名称\"],\"columns[1].javaType\":[\"String\"],\"columns[1].javaField\":[\"econName\"],\"columns[1].isInsert\":[\"1\"],\"columns[1].isEdit\":[\"1\"],\"columns[1].isList\":[\"1\"],\"columns[1].isQuery\":[\"1\"],\"columns[1].queryType\":[\"LIKE\"],\"columns[1].isRequired\":[\"1\"],\"columns[1].htmlType\":[\"input\"],\"columns[1].dictType\":[\"\"],\"columns[2].columnId\":[\"3\"],\"columns[2].sort\":[\"3\"],\"columns[2].columnComment\":[\"单据号\"],\"columns[2].javaType\":[\"String\"],\"columns[2].javaField\":[\"docNum\"],\"columns[2].isInsert\":[\"1\"],\"columns[2].isEdit\":[\"1\"],\"columns[2].isList\":[\"1\"],\"columns[2].isQuery\":[\"1\"],\"columns[2].queryType\":[\"EQ\"],\"columns[2].isRequired\":[\"1\"],\"columns[2].htmlType\":[\"input\"],\"columns[2].dictType\":[\"\"],\"columns[3].columnId\":[\"4\"],\"columns[3].sort\":[\"4\"],\"columns[3].columnComment\":[\"资料状态 0有效 1无效\"],\"columns[3].javaType\":[\"String\"],\"columns[3].javaField\":[\"status\"],\"columns[3].isInsert\":[\"1\"],\"columns[3].isEdit\":[\"1\"],\"columns[3].isList\":[\"1\"],\"columns[3].isQuery\":[\"1\"],\"columns[3].queryType\":[\"EQ\"],\"columns[3].isRequired\":[\"1\"],\"columns[3].htmlType\":[\"radio\"],\"columns[3].dictType\":[\"\"],\"columns[4].columnId\":[\"5\"],\"columns[4].sort\":[\"5\"],\"columns[4].columnComment\":[\"备注\"],\"columns[4].javaType\":[\"String\"],\"columns[4].javaField\":[\"remark\"],\"columns[4].isInsert\":[\"1\"],\"columns[4].isEdit\":[\"1\"],\"columns[4].isList\":[\"1\"],\"columns[4].queryType\":[\"EQ\"],\"columns[4].htmlType\":[\"textarea\"],\"columns[4].dictType\":[\"\"],\"columns[5].columnId\":[\"6\"],\"columns[5].sort\":[\"6\"],\"columns[5].columnComment\":[\"删除标志 删除标志（0代表存在 2代表删除）\"],\"columns[', '{\r\n  \"msg\" : \"操作成功\",\r\n  \"code\" : 0\r\n}', '0', null, '2020-12-08 10:02:17');
INSERT INTO `sys_oper_log` VALUES ('102', '代码生成', '3', 'com.ruoyi.generator.controller.GenController.remove()', 'POST', '1', 'admin', '研发部门', '/tool/gen/remove', '127.0.0.1', '内网IP', '{\"ids\":[\"1\"]}', '{\r\n  \"msg\" : \"操作成功\",\r\n  \"code\" : 0\r\n}', '0', null, '2020-12-08 10:02:24');
INSERT INTO `sys_oper_log` VALUES ('103', '代码生成', '6', 'com.ruoyi.generator.controller.GenController.importTableSave()', 'POST', '1', 'admin', '研发部门', '/tool/gen/importTable', '127.0.0.1', '内网IP', '{\"tables\":[\"platf_econ_type\"]}', '{\r\n  \"msg\" : \"操作成功\",\r\n  \"code\" : 0\r\n}', '0', null, '2020-12-08 10:08:57');
INSERT INTO `sys_oper_log` VALUES ('104', '字典类型', '1', 'com.ruoyi.web.controller.system.SysDictTypeController.addSave()', 'POST', '1', 'admin', '研发部门', '/system/dict/add', '127.0.0.1', '内网IP', '{\"dictName\":[\"资料状态\"],\"dictType\":[\"platf_doc_statu\"],\"status\":[\"0\"],\"remark\":[\"基础资料的可使用状态  0：有效  1：无效\"]}', '{\r\n  \"msg\" : \"操作成功\",\r\n  \"code\" : 0\r\n}', '0', null, '2020-12-08 10:13:03');
INSERT INTO `sys_oper_log` VALUES ('105', '字典数据', '1', 'com.ruoyi.web.controller.system.SysDictDataController.addSave()', 'POST', '1', 'admin', '研发部门', '/system/dict/data/add', '127.0.0.1', '内网IP', '{\"dictLabel\":[\"efficacious\"],\"dictValue\":[\"0\"],\"dictType\":[\"platf_doc_statu\"],\"cssClass\":[\"\"],\"dictSort\":[\"0\"],\"listClass\":[\"\"],\"isDefault\":[\"Y\"],\"status\":[\"0\"],\"remark\":[\"有效\"]}', '{\r\n  \"msg\" : \"操作成功\",\r\n  \"code\" : 0\r\n}', '0', null, '2020-12-08 10:14:29');
INSERT INTO `sys_oper_log` VALUES ('106', '字典数据', '2', 'com.ruoyi.web.controller.system.SysDictDataController.editSave()', 'POST', '1', 'admin', '研发部门', '/system/dict/data/edit', '127.0.0.1', '内网IP', '{\"dictCode\":[\"100\"],\"dictLabel\":[\"有效\"],\"dictValue\":[\"0\"],\"dictType\":[\"platf_doc_statu\"],\"cssClass\":[\"\"],\"dictSort\":[\"0\"],\"listClass\":[\"primary\"],\"isDefault\":[\"Y\"],\"status\":[\"0\"],\"remark\":[\"有效\"]}', '{\r\n  \"msg\" : \"操作成功\",\r\n  \"code\" : 0\r\n}', '0', null, '2020-12-08 10:15:38');
INSERT INTO `sys_oper_log` VALUES ('107', '字典数据', '1', 'com.ruoyi.web.controller.system.SysDictDataController.addSave()', 'POST', '1', 'admin', '研发部门', '/system/dict/data/add', '127.0.0.1', '内网IP', '{\"dictLabel\":[\"无效\"],\"dictValue\":[\"1\"],\"dictType\":[\"platf_doc_statu\"],\"cssClass\":[\"\"],\"dictSort\":[\"1\"],\"listClass\":[\"primary\"],\"isDefault\":[\"N\"],\"status\":[\"0\"],\"remark\":[\"\"]}', '{\r\n  \"msg\" : \"操作成功\",\r\n  \"code\" : 0\r\n}', '0', null, '2020-12-08 10:15:58');
INSERT INTO `sys_oper_log` VALUES ('108', '字典数据', '2', 'com.ruoyi.web.controller.system.SysDictDataController.editSave()', 'POST', '1', 'admin', '研发部门', '/system/dict/data/edit', '127.0.0.1', '内网IP', '{\"dictCode\":[\"101\"],\"dictLabel\":[\"无效\"],\"dictValue\":[\"1\"],\"dictType\":[\"platf_doc_statu\"],\"cssClass\":[\"\"],\"dictSort\":[\"1\"],\"listClass\":[\"primary\"],\"isDefault\":[\"N\"],\"status\":[\"1\"],\"remark\":[\"\"]}', '{\r\n  \"msg\" : \"操作成功\",\r\n  \"code\" : 0\r\n}', '0', null, '2020-12-08 10:16:11');
INSERT INTO `sys_oper_log` VALUES ('109', '字典数据', '2', 'com.ruoyi.web.controller.system.SysDictDataController.editSave()', 'POST', '1', 'admin', '研发部门', '/system/dict/data/edit', '127.0.0.1', '内网IP', '{\"dictCode\":[\"101\"],\"dictLabel\":[\"无效\"],\"dictValue\":[\"1\"],\"dictType\":[\"platf_doc_statu\"],\"cssClass\":[\"\"],\"dictSort\":[\"1\"],\"listClass\":[\"primary\"],\"isDefault\":[\"N\"],\"status\":[\"1\"],\"remark\":[\"\"]}', '{\r\n  \"msg\" : \"操作成功\",\r\n  \"code\" : 0\r\n}', '0', null, '2020-12-08 10:16:26');
INSERT INTO `sys_oper_log` VALUES ('110', '代码生成', '2', 'com.ruoyi.generator.controller.GenController.editSave()', 'POST', '1', 'admin', '研发部门', '/tool/gen/edit', '127.0.0.1', '内网IP', '{\"tableId\":[\"2\"],\"tableName\":[\"platf_econ_type\"],\"tableComment\":[\"经济类型 \"],\"className\":[\"EconType\"],\"functionAuthor\":[\"dalin\"],\"remark\":[\"\"],\"columns[0].columnId\":[\"12\"],\"columns[0].sort\":[\"1\"],\"columns[0].columnComment\":[\"主键\"],\"columns[0].javaType\":[\"Integer\"],\"columns[0].javaField\":[\"econId\"],\"columns[0].isInsert\":[\"1\"],\"columns[0].queryType\":[\"EQ\"],\"columns[0].htmlType\":[\"input\"],\"columns[0].dictType\":[\"\"],\"columns[1].columnId\":[\"13\"],\"columns[1].sort\":[\"2\"],\"columns[1].columnComment\":[\"名称\"],\"columns[1].javaType\":[\"String\"],\"columns[1].javaField\":[\"econName\"],\"columns[1].isInsert\":[\"1\"],\"columns[1].isEdit\":[\"1\"],\"columns[1].isList\":[\"1\"],\"columns[1].isQuery\":[\"1\"],\"columns[1].queryType\":[\"LIKE\"],\"columns[1].isRequired\":[\"1\"],\"columns[1].htmlType\":[\"input\"],\"columns[1].dictType\":[\"\"],\"columns[2].columnId\":[\"14\"],\"columns[2].sort\":[\"3\"],\"columns[2].columnComment\":[\"单据号\"],\"columns[2].javaType\":[\"String\"],\"columns[2].javaField\":[\"docNum\"],\"columns[2].isInsert\":[\"1\"],\"columns[2].isList\":[\"1\"],\"columns[2].queryType\":[\"EQ\"],\"columns[2].isRequired\":[\"1\"],\"columns[2].htmlType\":[\"input\"],\"columns[2].dictType\":[\"\"],\"columns[3].columnId\":[\"15\"],\"columns[3].sort\":[\"4\"],\"columns[3].columnComment\":[\"资料状态 0有效 1无效\"],\"columns[3].javaType\":[\"String\"],\"columns[3].javaField\":[\"status\"],\"columns[3].isInsert\":[\"1\"],\"columns[3].isEdit\":[\"1\"],\"columns[3].isList\":[\"1\"],\"columns[3].isQuery\":[\"1\"],\"columns[3].queryType\":[\"EQ\"],\"columns[3].isRequired\":[\"1\"],\"columns[3].htmlType\":[\"radio\"],\"columns[3].dictType\":[\"platf_doc_statu\"],\"columns[4].columnId\":[\"16\"],\"columns[4].sort\":[\"5\"],\"columns[4].columnComment\":[\"备注\"],\"columns[4].javaType\":[\"String\"],\"columns[4].javaField\":[\"remark\"],\"columns[4].isInsert\":[\"1\"],\"columns[4].isEdit\":[\"1\"],\"columns[4].isList\":[\"1\"],\"columns[4].queryType\":[\"EQ\"],\"columns[4].htmlType\":[\"textarea\"],\"columns[4].dictType\":[\"\"],\"columns[5].columnId\":[\"17\"],\"columns[5].sort\":[\"6\"],\"columns[5].columnComment\":[\"删除标志 删除标志（0代表存在 2代表删除）\"],\"columns[5].javaType\":[\"String\"],\"colu', '{\r\n  \"msg\" : \"操作成功\",\r\n  \"code\" : 0\r\n}', '0', null, '2020-12-08 10:18:04');
INSERT INTO `sys_oper_log` VALUES ('111', '代码生成', '8', 'com.ruoyi.generator.controller.GenController.download()', 'GET', '1', 'admin', '研发部门', '/tool/gen/download/platf_econ_type', '127.0.0.1', '内网IP', null, 'null', '0', null, '2020-12-08 10:18:41');
INSERT INTO `sys_oper_log` VALUES ('112', '菜单管理', '1', 'com.ruoyi.web.controller.system.SysMenuController.addSave()', 'POST', '1', 'admin', '研发部门', '/system/menu/add', '127.0.0.1', '内网IP', '{\"parentId\":[\"0\"],\"menuType\":[\"M\"],\"menuName\":[\"平台信息\"],\"url\":[\"\"],\"target\":[\"menuItem\"],\"perms\":[\"\"],\"orderNum\":[\"1\"],\"icon\":[\"fa fa-university\"],\"visible\":[\"0\"]}', '{\r\n  \"msg\" : \"操作成功\",\r\n  \"code\" : 0\r\n}', '0', null, '2020-12-08 10:24:50');
INSERT INTO `sys_oper_log` VALUES ('113', '菜单管理', '1', 'com.ruoyi.web.controller.system.SysMenuController.addSave()', 'POST', '1', 'admin', '研发部门', '/system/menu/add', '127.0.0.1', '内网IP', '{\"parentId\":[\"2000\"],\"menuType\":[\"M\"],\"menuName\":[\"基础设置\"],\"url\":[\"\"],\"target\":[\"menuItem\"],\"perms\":[\"\"],\"orderNum\":[\"2\"],\"icon\":[\"fa fa-cogs\"],\"visible\":[\"0\"]}', '{\r\n  \"msg\" : \"操作成功\",\r\n  \"code\" : 0\r\n}', '0', null, '2020-12-08 10:26:31');
INSERT INTO `sys_oper_log` VALUES ('114', '代码生成', '2', 'com.ruoyi.generator.controller.GenController.editSave()', 'POST', '1', 'admin', '研发部门', '/tool/gen/edit', '127.0.0.1', '内网IP', '{\"tableId\":[\"2\"],\"tableName\":[\"platf_econ_type\"],\"tableComment\":[\"经济类型\"],\"className\":[\"EconType\"],\"functionAuthor\":[\"dalin\"],\"remark\":[\"\"],\"columns[0].columnId\":[\"12\"],\"columns[0].sort\":[\"1\"],\"columns[0].columnComment\":[\"主键\"],\"columns[0].javaType\":[\"Integer\"],\"columns[0].javaField\":[\"econId\"],\"columns[0].isInsert\":[\"1\"],\"columns[0].queryType\":[\"EQ\"],\"columns[0].htmlType\":[\"input\"],\"columns[0].dictType\":[\"\"],\"columns[1].columnId\":[\"13\"],\"columns[1].sort\":[\"2\"],\"columns[1].columnComment\":[\"名称\"],\"columns[1].javaType\":[\"String\"],\"columns[1].javaField\":[\"econName\"],\"columns[1].isInsert\":[\"1\"],\"columns[1].isEdit\":[\"1\"],\"columns[1].isList\":[\"1\"],\"columns[1].isQuery\":[\"1\"],\"columns[1].queryType\":[\"LIKE\"],\"columns[1].isRequired\":[\"1\"],\"columns[1].htmlType\":[\"input\"],\"columns[1].dictType\":[\"\"],\"columns[2].columnId\":[\"14\"],\"columns[2].sort\":[\"3\"],\"columns[2].columnComment\":[\"单据号\"],\"columns[2].javaType\":[\"String\"],\"columns[2].javaField\":[\"docNum\"],\"columns[2].isInsert\":[\"1\"],\"columns[2].isList\":[\"1\"],\"columns[2].queryType\":[\"EQ\"],\"columns[2].isRequired\":[\"1\"],\"columns[2].htmlType\":[\"input\"],\"columns[2].dictType\":[\"\"],\"columns[3].columnId\":[\"15\"],\"columns[3].sort\":[\"4\"],\"columns[3].columnComment\":[\"资料状态 0有效 1无效\"],\"columns[3].javaType\":[\"String\"],\"columns[3].javaField\":[\"status\"],\"columns[3].isInsert\":[\"1\"],\"columns[3].isEdit\":[\"1\"],\"columns[3].isList\":[\"1\"],\"columns[3].isQuery\":[\"1\"],\"columns[3].queryType\":[\"EQ\"],\"columns[3].isRequired\":[\"1\"],\"columns[3].htmlType\":[\"radio\"],\"columns[3].dictType\":[\"platf_doc_statu\"],\"columns[4].columnId\":[\"16\"],\"columns[4].sort\":[\"5\"],\"columns[4].columnComment\":[\"备注\"],\"columns[4].javaType\":[\"String\"],\"columns[4].javaField\":[\"remark\"],\"columns[4].isInsert\":[\"1\"],\"columns[4].isEdit\":[\"1\"],\"columns[4].isList\":[\"1\"],\"columns[4].queryType\":[\"EQ\"],\"columns[4].htmlType\":[\"textarea\"],\"columns[4].dictType\":[\"\"],\"columns[5].columnId\":[\"17\"],\"columns[5].sort\":[\"6\"],\"columns[5].columnComment\":[\"删除标志 删除标志（0代表存在 2代表删除）\"],\"columns[5].javaType\":[\"String\"],\"colum', '{\r\n  \"msg\" : \"操作成功\",\r\n  \"code\" : 0\r\n}', '0', null, '2020-12-08 11:17:44');
INSERT INTO `sys_oper_log` VALUES ('115', '代码生成', '8', 'com.ruoyi.generator.controller.GenController.download()', 'GET', '1', 'admin', '研发部门', '/tool/gen/download/platf_econ_type', '127.0.0.1', '内网IP', null, 'null', '0', null, '2020-12-08 11:17:48');
INSERT INTO `sys_oper_log` VALUES ('116', '代码生成', '2', 'com.ruoyi.generator.controller.GenController.editSave()', 'POST', '1', 'admin', '研发部门', '/tool/gen/edit', '127.0.0.1', '内网IP', '{\"tableId\":[\"2\"],\"tableName\":[\"platf_econ_type\"],\"tableComment\":[\"经济类型\"],\"className\":[\"EconType\"],\"functionAuthor\":[\"dalin\"],\"remark\":[\"\"],\"columns[0].columnId\":[\"12\"],\"columns[0].sort\":[\"1\"],\"columns[0].columnComment\":[\"主键\"],\"columns[0].javaType\":[\"Integer\"],\"columns[0].javaField\":[\"econId\"],\"columns[0].isInsert\":[\"1\"],\"columns[0].queryType\":[\"EQ\"],\"columns[0].htmlType\":[\"input\"],\"columns[0].dictType\":[\"\"],\"columns[1].columnId\":[\"13\"],\"columns[1].sort\":[\"2\"],\"columns[1].columnComment\":[\"名称\"],\"columns[1].javaType\":[\"String\"],\"columns[1].javaField\":[\"econName\"],\"columns[1].isInsert\":[\"1\"],\"columns[1].isEdit\":[\"1\"],\"columns[1].isList\":[\"1\"],\"columns[1].isQuery\":[\"1\"],\"columns[1].queryType\":[\"LIKE\"],\"columns[1].isRequired\":[\"1\"],\"columns[1].htmlType\":[\"input\"],\"columns[1].dictType\":[\"\"],\"columns[2].columnId\":[\"14\"],\"columns[2].sort\":[\"3\"],\"columns[2].columnComment\":[\"单据号\"],\"columns[2].javaType\":[\"String\"],\"columns[2].javaField\":[\"docNum\"],\"columns[2].isInsert\":[\"1\"],\"columns[2].isList\":[\"1\"],\"columns[2].queryType\":[\"EQ\"],\"columns[2].isRequired\":[\"1\"],\"columns[2].htmlType\":[\"input\"],\"columns[2].dictType\":[\"\"],\"columns[3].columnId\":[\"15\"],\"columns[3].sort\":[\"4\"],\"columns[3].columnComment\":[\"资料状态 0有效 1无效\"],\"columns[3].javaType\":[\"String\"],\"columns[3].javaField\":[\"status\"],\"columns[3].isInsert\":[\"1\"],\"columns[3].isEdit\":[\"1\"],\"columns[3].isList\":[\"1\"],\"columns[3].isQuery\":[\"1\"],\"columns[3].queryType\":[\"EQ\"],\"columns[3].isRequired\":[\"1\"],\"columns[3].htmlType\":[\"radio\"],\"columns[3].dictType\":[\"platf_doc_statu\"],\"columns[4].columnId\":[\"16\"],\"columns[4].sort\":[\"5\"],\"columns[4].columnComment\":[\"备注\"],\"columns[4].javaType\":[\"String\"],\"columns[4].javaField\":[\"remark\"],\"columns[4].isInsert\":[\"1\"],\"columns[4].isEdit\":[\"1\"],\"columns[4].isList\":[\"1\"],\"columns[4].queryType\":[\"EQ\"],\"columns[4].htmlType\":[\"textarea\"],\"columns[4].dictType\":[\"\"],\"columns[5].columnId\":[\"17\"],\"columns[5].sort\":[\"6\"],\"columns[5].columnComment\":[\"删除标志 删除标志（0代表存在 2代表删除）\"],\"columns[5].javaType\":[\"String\"],\"colum', '{\r\n  \"msg\" : \"操作成功\",\r\n  \"code\" : 0\r\n}', '0', null, '2020-12-08 11:28:34');
INSERT INTO `sys_oper_log` VALUES ('117', '代码生成', '8', 'com.ruoyi.generator.controller.GenController.download()', 'GET', '1', 'admin', '研发部门', '/tool/gen/download/platf_econ_type', '127.0.0.1', '内网IP', null, 'null', '0', null, '2020-12-08 11:28:38');
INSERT INTO `sys_oper_log` VALUES ('118', '代码生成', '2', 'com.ruoyi.generator.controller.GenController.editSave()', 'POST', '1', 'admin', '研发部门', '/tool/gen/edit', '127.0.0.1', '内网IP', '{\"tableId\":[\"2\"],\"tableName\":[\"platf_econ_type\"],\"tableComment\":[\"经济类型\"],\"className\":[\"EconType\"],\"functionAuthor\":[\"dalin\"],\"remark\":[\"\"],\"columns[0].columnId\":[\"12\"],\"columns[0].sort\":[\"1\"],\"columns[0].columnComment\":[\"主键\"],\"columns[0].javaType\":[\"Integer\"],\"columns[0].javaField\":[\"econId\"],\"columns[0].isInsert\":[\"1\"],\"columns[0].queryType\":[\"EQ\"],\"columns[0].htmlType\":[\"input\"],\"columns[0].dictType\":[\"\"],\"columns[1].columnId\":[\"13\"],\"columns[1].sort\":[\"2\"],\"columns[1].columnComment\":[\"名称\"],\"columns[1].javaType\":[\"String\"],\"columns[1].javaField\":[\"econName\"],\"columns[1].isInsert\":[\"1\"],\"columns[1].isEdit\":[\"1\"],\"columns[1].isList\":[\"1\"],\"columns[1].isQuery\":[\"1\"],\"columns[1].queryType\":[\"LIKE\"],\"columns[1].isRequired\":[\"1\"],\"columns[1].htmlType\":[\"input\"],\"columns[1].dictType\":[\"\"],\"columns[2].columnId\":[\"14\"],\"columns[2].sort\":[\"3\"],\"columns[2].columnComment\":[\"单据号\"],\"columns[2].javaType\":[\"String\"],\"columns[2].javaField\":[\"docNum\"],\"columns[2].isInsert\":[\"1\"],\"columns[2].isList\":[\"1\"],\"columns[2].queryType\":[\"EQ\"],\"columns[2].isRequired\":[\"1\"],\"columns[2].htmlType\":[\"input\"],\"columns[2].dictType\":[\"\"],\"columns[3].columnId\":[\"15\"],\"columns[3].sort\":[\"4\"],\"columns[3].columnComment\":[\"资料状态 0有效 1无效\"],\"columns[3].javaType\":[\"String\"],\"columns[3].javaField\":[\"status\"],\"columns[3].isInsert\":[\"1\"],\"columns[3].isEdit\":[\"1\"],\"columns[3].isList\":[\"1\"],\"columns[3].isQuery\":[\"1\"],\"columns[3].queryType\":[\"EQ\"],\"columns[3].isRequired\":[\"1\"],\"columns[3].htmlType\":[\"radio\"],\"columns[3].dictType\":[\"platf_doc_statu\"],\"columns[4].columnId\":[\"16\"],\"columns[4].sort\":[\"5\"],\"columns[4].columnComment\":[\"备注\"],\"columns[4].javaType\":[\"String\"],\"columns[4].javaField\":[\"remark\"],\"columns[4].isInsert\":[\"1\"],\"columns[4].isEdit\":[\"1\"],\"columns[4].isList\":[\"1\"],\"columns[4].queryType\":[\"EQ\"],\"columns[4].htmlType\":[\"textarea\"],\"columns[4].dictType\":[\"\"],\"columns[5].columnId\":[\"17\"],\"columns[5].sort\":[\"6\"],\"columns[5].columnComment\":[\"删除标志 删除标志（0代表存在 2代表删除）\"],\"columns[5].javaType\":[\"String\"],\"colum', '{\r\n  \"msg\" : \"操作成功\",\r\n  \"code\" : 0\r\n}', '0', null, '2020-12-08 13:27:11');
INSERT INTO `sys_oper_log` VALUES ('119', '代码生成', '8', 'com.ruoyi.generator.controller.GenController.download()', 'GET', '1', 'admin', '研发部门', '/tool/gen/download/platf_econ_type', '127.0.0.1', '内网IP', null, 'null', '0', null, '2020-12-08 13:27:15');
INSERT INTO `sys_oper_log` VALUES ('120', '代码生成', '2', 'com.ruoyi.generator.controller.GenController.editSave()', 'POST', '1', 'admin', '研发部门', '/tool/gen/edit', '127.0.0.1', '内网IP', '{\"tableId\":[\"2\"],\"tableName\":[\"platf_econ_type\"],\"tableComment\":[\"经济类型\"],\"className\":[\"EconType\"],\"functionAuthor\":[\"dalin\"],\"remark\":[\"\"],\"columns[0].columnId\":[\"12\"],\"columns[0].sort\":[\"1\"],\"columns[0].columnComment\":[\"主键\"],\"columns[0].javaType\":[\"Integer\"],\"columns[0].javaField\":[\"econId\"],\"columns[0].isInsert\":[\"1\"],\"columns[0].queryType\":[\"EQ\"],\"columns[0].htmlType\":[\"input\"],\"columns[0].dictType\":[\"\"],\"columns[1].columnId\":[\"13\"],\"columns[1].sort\":[\"2\"],\"columns[1].columnComment\":[\"名称\"],\"columns[1].javaType\":[\"String\"],\"columns[1].javaField\":[\"econName\"],\"columns[1].isInsert\":[\"1\"],\"columns[1].isEdit\":[\"1\"],\"columns[1].isList\":[\"1\"],\"columns[1].isQuery\":[\"1\"],\"columns[1].queryType\":[\"LIKE\"],\"columns[1].isRequired\":[\"1\"],\"columns[1].htmlType\":[\"input\"],\"columns[1].dictType\":[\"\"],\"columns[2].columnId\":[\"14\"],\"columns[2].sort\":[\"3\"],\"columns[2].columnComment\":[\"单据号\"],\"columns[2].javaType\":[\"String\"],\"columns[2].javaField\":[\"docNum\"],\"columns[2].isInsert\":[\"1\"],\"columns[2].isList\":[\"1\"],\"columns[2].queryType\":[\"EQ\"],\"columns[2].isRequired\":[\"1\"],\"columns[2].htmlType\":[\"input\"],\"columns[2].dictType\":[\"\"],\"columns[3].columnId\":[\"15\"],\"columns[3].sort\":[\"4\"],\"columns[3].columnComment\":[\"资料状态 0有效 1无效\"],\"columns[3].javaType\":[\"String\"],\"columns[3].javaField\":[\"status\"],\"columns[3].isInsert\":[\"1\"],\"columns[3].isEdit\":[\"1\"],\"columns[3].isList\":[\"1\"],\"columns[3].isQuery\":[\"1\"],\"columns[3].queryType\":[\"EQ\"],\"columns[3].isRequired\":[\"1\"],\"columns[3].htmlType\":[\"radio\"],\"columns[3].dictType\":[\"platf_doc_statu\"],\"columns[4].columnId\":[\"16\"],\"columns[4].sort\":[\"5\"],\"columns[4].columnComment\":[\"备注\"],\"columns[4].javaType\":[\"String\"],\"columns[4].javaField\":[\"remark\"],\"columns[4].isInsert\":[\"1\"],\"columns[4].isEdit\":[\"1\"],\"columns[4].isList\":[\"1\"],\"columns[4].queryType\":[\"EQ\"],\"columns[4].htmlType\":[\"textarea\"],\"columns[4].dictType\":[\"\"],\"columns[5].columnId\":[\"17\"],\"columns[5].sort\":[\"6\"],\"columns[5].columnComment\":[\"删除标志 删除标志（0代表存在 2代表删除）\"],\"columns[5].javaType\":[\"String\"],\"colum', '{\r\n  \"msg\" : \"操作成功\",\r\n  \"code\" : 0\r\n}', '0', null, '2020-12-08 13:50:30');
INSERT INTO `sys_oper_log` VALUES ('121', '代码生成', '8', 'com.ruoyi.generator.controller.GenController.download()', 'GET', '1', 'admin', '研发部门', '/tool/gen/download/platf_econ_type', '127.0.0.1', '内网IP', null, 'null', '0', null, '2020-12-08 13:50:36');
INSERT INTO `sys_oper_log` VALUES ('122', '代码生成', '2', 'com.ruoyi.generator.controller.GenController.editSave()', 'POST', '1', 'admin', '研发部门', '/tool/gen/edit', '127.0.0.1', '内网IP', '{\"tableId\":[\"2\"],\"tableName\":[\"platf_econ_type\"],\"tableComment\":[\"经济类型\"],\"className\":[\"EconType\"],\"functionAuthor\":[\"dalin\"],\"remark\":[\"\"],\"columns[0].columnId\":[\"12\"],\"columns[0].sort\":[\"1\"],\"columns[0].columnComment\":[\"主键\"],\"columns[0].javaType\":[\"Integer\"],\"columns[0].javaField\":[\"econId\"],\"columns[0].isInsert\":[\"1\"],\"columns[0].queryType\":[\"EQ\"],\"columns[0].htmlType\":[\"input\"],\"columns[0].dictType\":[\"\"],\"columns[1].columnId\":[\"13\"],\"columns[1].sort\":[\"2\"],\"columns[1].columnComment\":[\"名称\"],\"columns[1].javaType\":[\"String\"],\"columns[1].javaField\":[\"econName\"],\"columns[1].isInsert\":[\"1\"],\"columns[1].isEdit\":[\"1\"],\"columns[1].isList\":[\"1\"],\"columns[1].isQuery\":[\"1\"],\"columns[1].queryType\":[\"LIKE\"],\"columns[1].isRequired\":[\"1\"],\"columns[1].htmlType\":[\"input\"],\"columns[1].dictType\":[\"\"],\"columns[2].columnId\":[\"14\"],\"columns[2].sort\":[\"3\"],\"columns[2].columnComment\":[\"单据号\"],\"columns[2].javaType\":[\"String\"],\"columns[2].javaField\":[\"docNum\"],\"columns[2].isInsert\":[\"1\"],\"columns[2].isList\":[\"1\"],\"columns[2].queryType\":[\"EQ\"],\"columns[2].isRequired\":[\"1\"],\"columns[2].htmlType\":[\"input\"],\"columns[2].dictType\":[\"\"],\"columns[3].columnId\":[\"15\"],\"columns[3].sort\":[\"4\"],\"columns[3].columnComment\":[\"资料状态 0有效 1无效\"],\"columns[3].javaType\":[\"String\"],\"columns[3].javaField\":[\"status\"],\"columns[3].isInsert\":[\"1\"],\"columns[3].isEdit\":[\"1\"],\"columns[3].isList\":[\"1\"],\"columns[3].isQuery\":[\"1\"],\"columns[3].queryType\":[\"EQ\"],\"columns[3].isRequired\":[\"1\"],\"columns[3].htmlType\":[\"radio\"],\"columns[3].dictType\":[\"platf_doc_statu\"],\"columns[4].columnId\":[\"16\"],\"columns[4].sort\":[\"5\"],\"columns[4].columnComment\":[\"备注\"],\"columns[4].javaType\":[\"String\"],\"columns[4].javaField\":[\"remark\"],\"columns[4].isInsert\":[\"1\"],\"columns[4].isEdit\":[\"1\"],\"columns[4].isList\":[\"1\"],\"columns[4].queryType\":[\"EQ\"],\"columns[4].htmlType\":[\"textarea\"],\"columns[4].dictType\":[\"\"],\"columns[5].columnId\":[\"17\"],\"columns[5].sort\":[\"6\"],\"columns[5].columnComment\":[\"删除标志 删除标志（0代表存在 2代表删除）\"],\"columns[5].javaType\":[\"String\"],\"colum', '{\r\n  \"msg\" : \"操作成功\",\r\n  \"code\" : 0\r\n}', '0', null, '2020-12-08 14:30:21');
INSERT INTO `sys_oper_log` VALUES ('123', '代码生成', '8', 'com.ruoyi.generator.controller.GenController.download()', 'GET', '1', 'admin', '研发部门', '/tool/gen/download/platf_econ_type', '127.0.0.1', '内网IP', null, 'null', '0', null, '2020-12-08 14:30:24');
INSERT INTO `sys_oper_log` VALUES ('124', '经济类型', '1', 'com.ruoyi.province.platform.controller.EconTypeController.addSave()', 'POST', '1', 'admin', '研发部门', '/platform/econtype/add', '127.0.0.1', '内网IP', '{\"econName\":[\"大幅度\"],\"docNum\":[\"水电费\"],\"status\":[\"0\"],\"remark\":[\"的\"],\"delFlag\":[\"1\"]}', 'null', '1', '\r\n### Error updating database.  Cause: java.sql.SQLException: Field \'create_by\' doesn\'t have a default value\r\n### The error may exist in file [E:\\IdeaSpaceWork\\RuoYi\\province-platform\\target\\classes\\mapper\\platform\\EconTypeMapper.xml]\r\n### The error may involve com.ruoyi.province.platform.mapper.EconTypeMapper.insertEconType-Inline\r\n### The error occurred while setting parameters\r\n### SQL: insert into platf_econ_type          ( econ_name,             doc_num,             status,             remark,             del_flag,                          create_time )           values ( ?,             ?,             ?,             ?,             ?,                          ? )\r\n### Cause: java.sql.SQLException: Field \'create_by\' doesn\'t have a default value\n; Field \'create_by\' doesn\'t have a default value; nested exception is java.sql.SQLException: Field \'create_by\' doesn\'t have a default value', '2020-12-08 14:39:31');
INSERT INTO `sys_oper_log` VALUES ('125', '字典数据', '2', 'com.ruoyi.web.controller.system.SysDictDataController.editSave()', 'POST', '1', 'admin', '研发部门', '/system/dict/data/edit', '127.0.0.1', '内网IP', '{\"dictCode\":[\"101\"],\"dictLabel\":[\"无效\"],\"dictValue\":[\"1\"],\"dictType\":[\"platf_doc_statu\"],\"cssClass\":[\"\"],\"dictSort\":[\"1\"],\"listClass\":[\"primary\"],\"isDefault\":[\"N\"],\"status\":[\"0\"],\"remark\":[\"\"]}', '{\r\n  \"msg\" : \"操作成功\",\r\n  \"code\" : 0\r\n}', '0', null, '2020-12-08 14:40:57');
INSERT INTO `sys_oper_log` VALUES ('126', '代码生成', '2', 'com.ruoyi.generator.controller.GenController.editSave()', 'POST', '1', 'admin', '研发部门', '/tool/gen/edit', '127.0.0.1', '内网IP', '{\"tableId\":[\"2\"],\"tableName\":[\"platf_econ_type\"],\"tableComment\":[\"经济类型\"],\"className\":[\"EconType\"],\"functionAuthor\":[\"dalin\"],\"remark\":[\"\"],\"columns[0].columnId\":[\"12\"],\"columns[0].sort\":[\"1\"],\"columns[0].columnComment\":[\"主键\"],\"columns[0].javaType\":[\"Integer\"],\"columns[0].javaField\":[\"econId\"],\"columns[0].isInsert\":[\"1\"],\"columns[0].queryType\":[\"EQ\"],\"columns[0].htmlType\":[\"input\"],\"columns[0].dictType\":[\"\"],\"columns[1].columnId\":[\"13\"],\"columns[1].sort\":[\"2\"],\"columns[1].columnComment\":[\"名称\"],\"columns[1].javaType\":[\"String\"],\"columns[1].javaField\":[\"econName\"],\"columns[1].isInsert\":[\"1\"],\"columns[1].isEdit\":[\"1\"],\"columns[1].isList\":[\"1\"],\"columns[1].isQuery\":[\"1\"],\"columns[1].queryType\":[\"LIKE\"],\"columns[1].isRequired\":[\"1\"],\"columns[1].htmlType\":[\"input\"],\"columns[1].dictType\":[\"\"],\"columns[2].columnId\":[\"14\"],\"columns[2].sort\":[\"3\"],\"columns[2].columnComment\":[\"单据号\"],\"columns[2].javaType\":[\"String\"],\"columns[2].javaField\":[\"docNum\"],\"columns[2].isInsert\":[\"1\"],\"columns[2].isList\":[\"1\"],\"columns[2].queryType\":[\"EQ\"],\"columns[2].htmlType\":[\"input\"],\"columns[2].dictType\":[\"\"],\"columns[3].columnId\":[\"15\"],\"columns[3].sort\":[\"4\"],\"columns[3].columnComment\":[\"资料状态 0有效 1无效\"],\"columns[3].javaType\":[\"String\"],\"columns[3].javaField\":[\"status\"],\"columns[3].isInsert\":[\"1\"],\"columns[3].isEdit\":[\"1\"],\"columns[3].isList\":[\"1\"],\"columns[3].isQuery\":[\"1\"],\"columns[3].queryType\":[\"EQ\"],\"columns[3].isRequired\":[\"1\"],\"columns[3].htmlType\":[\"radio\"],\"columns[3].dictType\":[\"platf_doc_statu\"],\"columns[4].columnId\":[\"16\"],\"columns[4].sort\":[\"5\"],\"columns[4].columnComment\":[\"备注\"],\"columns[4].javaType\":[\"String\"],\"columns[4].javaField\":[\"remark\"],\"columns[4].isInsert\":[\"1\"],\"columns[4].isEdit\":[\"1\"],\"columns[4].isList\":[\"1\"],\"columns[4].queryType\":[\"EQ\"],\"columns[4].htmlType\":[\"textarea\"],\"columns[4].dictType\":[\"\"],\"columns[5].columnId\":[\"17\"],\"columns[5].sort\":[\"6\"],\"columns[5].columnComment\":[\"删除标志 删除标志（0代表存在 2代表删除）\"],\"columns[5].javaType\":[\"String\"],\"columns[5].javaField\":[\"delFlag\"],\"', '{\r\n  \"msg\" : \"操作成功\",\r\n  \"code\" : 0\r\n}', '0', null, '2020-12-08 14:43:12');
INSERT INTO `sys_oper_log` VALUES ('127', '代码生成', '8', 'com.ruoyi.generator.controller.GenController.download()', 'GET', '1', 'admin', '研发部门', '/tool/gen/download/platf_econ_type', '127.0.0.1', '内网IP', null, 'null', '0', null, '2020-12-08 14:43:20');
INSERT INTO `sys_oper_log` VALUES ('128', '代码生成', '2', 'com.ruoyi.generator.controller.GenController.editSave()', 'POST', '1', 'admin', '研发部门', '/tool/gen/edit', '127.0.0.1', '内网IP', '{\"tableId\":[\"2\"],\"tableName\":[\"platf_econ_type\"],\"tableComment\":[\"经济类型\"],\"className\":[\"EconType\"],\"functionAuthor\":[\"dalin\"],\"remark\":[\"\"],\"columns[0].columnId\":[\"12\"],\"columns[0].sort\":[\"1\"],\"columns[0].columnComment\":[\"主键\"],\"columns[0].javaType\":[\"Integer\"],\"columns[0].javaField\":[\"econId\"],\"columns[0].isInsert\":[\"1\"],\"columns[0].queryType\":[\"EQ\"],\"columns[0].htmlType\":[\"input\"],\"columns[0].dictType\":[\"\"],\"columns[1].columnId\":[\"13\"],\"columns[1].sort\":[\"2\"],\"columns[1].columnComment\":[\"名称\"],\"columns[1].javaType\":[\"String\"],\"columns[1].javaField\":[\"econName\"],\"columns[1].isInsert\":[\"1\"],\"columns[1].isEdit\":[\"1\"],\"columns[1].isList\":[\"1\"],\"columns[1].isQuery\":[\"1\"],\"columns[1].queryType\":[\"LIKE\"],\"columns[1].isRequired\":[\"1\"],\"columns[1].htmlType\":[\"input\"],\"columns[1].dictType\":[\"\"],\"columns[2].columnId\":[\"14\"],\"columns[2].sort\":[\"3\"],\"columns[2].columnComment\":[\"单据号\"],\"columns[2].javaType\":[\"String\"],\"columns[2].javaField\":[\"docNum\"],\"columns[2].isInsert\":[\"1\"],\"columns[2].isList\":[\"1\"],\"columns[2].queryType\":[\"EQ\"],\"columns[2].htmlType\":[\"input\"],\"columns[2].dictType\":[\"\"],\"columns[3].columnId\":[\"15\"],\"columns[3].sort\":[\"4\"],\"columns[3].columnComment\":[\"资料状态\"],\"columns[3].javaType\":[\"String\"],\"columns[3].javaField\":[\"status\"],\"columns[3].isInsert\":[\"1\"],\"columns[3].isEdit\":[\"1\"],\"columns[3].isList\":[\"1\"],\"columns[3].isQuery\":[\"1\"],\"columns[3].queryType\":[\"EQ\"],\"columns[3].isRequired\":[\"1\"],\"columns[3].htmlType\":[\"radio\"],\"columns[3].dictType\":[\"platf_doc_statu\"],\"columns[4].columnId\":[\"16\"],\"columns[4].sort\":[\"5\"],\"columns[4].columnComment\":[\"备注\"],\"columns[4].javaType\":[\"String\"],\"columns[4].javaField\":[\"remark\"],\"columns[4].isInsert\":[\"1\"],\"columns[4].isEdit\":[\"1\"],\"columns[4].isList\":[\"1\"],\"columns[4].queryType\":[\"EQ\"],\"columns[4].htmlType\":[\"textarea\"],\"columns[4].dictType\":[\"\"],\"columns[5].columnId\":[\"17\"],\"columns[5].sort\":[\"6\"],\"columns[5].columnComment\":[\"删除标志 删除标志\"],\"columns[5].javaType\":[\"String\"],\"columns[5].javaField\":[\"delFlag\"],\"columns[5].isInsert\":', '{\r\n  \"msg\" : \"操作成功\",\r\n  \"code\" : 0\r\n}', '0', null, '2020-12-08 14:49:47');
INSERT INTO `sys_oper_log` VALUES ('129', '代码生成', '8', 'com.ruoyi.generator.controller.GenController.download()', 'GET', '1', 'admin', '研发部门', '/tool/gen/download/platf_econ_type', '127.0.0.1', '内网IP', null, 'null', '0', null, '2020-12-08 15:28:25');
INSERT INTO `sys_oper_log` VALUES ('130', '代码生成', '6', 'com.ruoyi.generator.controller.GenController.importTableSave()', 'POST', '1', 'admin', '研发部门', '/tool/gen/importTable', '127.0.0.1', '内网IP', '{\"tables\":[\"sys_notice\"]}', '{\r\n  \"msg\" : \"操作成功\",\r\n  \"code\" : 0\r\n}', '0', null, '2020-12-08 15:54:25');
INSERT INTO `sys_oper_log` VALUES ('131', '代码生成', '3', 'com.ruoyi.generator.controller.GenController.remove()', 'POST', '1', 'admin', '研发部门', '/tool/gen/remove', '127.0.0.1', '内网IP', '{\"ids\":[\"3\"]}', '{\r\n  \"msg\" : \"操作成功\",\r\n  \"code\" : 0\r\n}', '0', null, '2020-12-08 15:54:39');
INSERT INTO `sys_oper_log` VALUES ('132', '代码生成', '8', 'com.ruoyi.generator.controller.GenController.download()', 'GET', '1', 'admin', '研发部门', '/tool/gen/download/platf_econ_type', '127.0.0.1', '内网IP', null, 'null', '0', null, '2020-12-08 16:43:23');
INSERT INTO `sys_oper_log` VALUES ('133', '代码生成', '8', 'com.ruoyi.generator.controller.GenController.download()', 'GET', '1', 'admin', '研发部门', '/tool/gen/download/platf_econ_type', '127.0.0.1', '内网IP', null, 'null', '0', null, '2020-12-08 16:43:48');
INSERT INTO `sys_oper_log` VALUES ('134', '代码生成', '2', 'com.ruoyi.generator.controller.GenController.editSave()', 'POST', '1', 'admin', '研发部门', '/tool/gen/edit', '127.0.0.1', '内网IP', '{\"tableId\":[\"2\"],\"tableName\":[\"platf_econ_type\"],\"tableComment\":[\"经济类型\"],\"className\":[\"EconType\"],\"functionAuthor\":[\"dalin\"],\"remark\":[\"\"],\"columns[0].columnId\":[\"12\"],\"columns[0].sort\":[\"1\"],\"columns[0].columnComment\":[\"主键\"],\"columns[0].javaType\":[\"Integer\"],\"columns[0].javaField\":[\"econId\"],\"columns[0].isInsert\":[\"1\"],\"columns[0].queryType\":[\"EQ\"],\"columns[0].htmlType\":[\"input\"],\"columns[0].dictType\":[\"\"],\"columns[1].columnId\":[\"13\"],\"columns[1].sort\":[\"2\"],\"columns[1].columnComment\":[\"名称\"],\"columns[1].javaType\":[\"String\"],\"columns[1].javaField\":[\"econName\"],\"columns[1].isInsert\":[\"1\"],\"columns[1].isEdit\":[\"1\"],\"columns[1].isList\":[\"1\"],\"columns[1].isQuery\":[\"1\"],\"columns[1].queryType\":[\"LIKE\"],\"columns[1].isRequired\":[\"1\"],\"columns[1].htmlType\":[\"input\"],\"columns[1].dictType\":[\"\"],\"columns[2].columnId\":[\"14\"],\"columns[2].sort\":[\"3\"],\"columns[2].columnComment\":[\"单据号\"],\"columns[2].javaType\":[\"String\"],\"columns[2].javaField\":[\"docNum\"],\"columns[2].isInsert\":[\"1\"],\"columns[2].isList\":[\"1\"],\"columns[2].queryType\":[\"EQ\"],\"columns[2].htmlType\":[\"input\"],\"columns[2].dictType\":[\"\"],\"columns[3].columnId\":[\"15\"],\"columns[3].sort\":[\"4\"],\"columns[3].columnComment\":[\"资料状态\"],\"columns[3].javaType\":[\"String\"],\"columns[3].javaField\":[\"status\"],\"columns[3].isInsert\":[\"1\"],\"columns[3].isEdit\":[\"1\"],\"columns[3].isList\":[\"1\"],\"columns[3].isQuery\":[\"1\"],\"columns[3].queryType\":[\"EQ\"],\"columns[3].isRequired\":[\"1\"],\"columns[3].htmlType\":[\"radio\"],\"columns[3].dictType\":[\"platf_doc_statu\"],\"columns[4].columnId\":[\"16\"],\"columns[4].sort\":[\"5\"],\"columns[4].columnComment\":[\"备注\"],\"columns[4].javaType\":[\"String\"],\"columns[4].javaField\":[\"remark\"],\"columns[4].isInsert\":[\"1\"],\"columns[4].isEdit\":[\"1\"],\"columns[4].isList\":[\"1\"],\"columns[4].queryType\":[\"EQ\"],\"columns[4].htmlType\":[\"textarea\"],\"columns[4].dictType\":[\"\"],\"columns[5].columnId\":[\"17\"],\"columns[5].sort\":[\"6\"],\"columns[5].columnComment\":[\"删除标志\"],\"columns[5].javaType\":[\"String\"],\"columns[5].javaField\":[\"delFlag\"],\"columns[5].isInsert\":[\"1\"]', '{\r\n  \"msg\" : \"操作成功\",\r\n  \"code\" : 0\r\n}', '0', null, '2020-12-08 17:47:53');
INSERT INTO `sys_oper_log` VALUES ('135', '代码生成', '8', 'com.ruoyi.generator.controller.GenController.download()', 'GET', '1', 'admin', '研发部门', '/tool/gen/download/platf_econ_type', '127.0.0.1', '内网IP', null, 'null', '0', null, '2020-12-08 17:49:39');
INSERT INTO `sys_oper_log` VALUES ('136', '菜单管理', '2', 'com.ruoyi.web.controller.system.SysMenuController.editSave()', 'POST', '1', 'admin', '研发部门', '/system/menu/edit', '127.0.0.1', '内网IP', '{\"menuId\":[\"4\"],\"parentId\":[\"0\"],\"menuType\":[\"C\"],\"menuName\":[\"若依官网\"],\"url\":[\"http://ruoyi.vip\"],\"target\":[\"menuBlank\"],\"perms\":[\"\"],\"orderNum\":[\"4\"],\"icon\":[\"fa fa-location-arrow\"],\"visible\":[\"1\"]}', '{\r\n  \"msg\" : \"操作成功\",\r\n  \"code\" : 0\r\n}', '0', null, '2020-12-09 07:45:00');
INSERT INTO `sys_oper_log` VALUES ('137', '代码生成', '8', 'com.ruoyi.generator.controller.GenController.download()', 'GET', '1', 'admin', '研发部门', '/tool/gen/download/platf_econ_type', '127.0.0.1', '内网IP', null, 'null', '0', null, '2020-12-09 07:46:10');
INSERT INTO `sys_oper_log` VALUES ('138', '代码生成', '2', 'com.ruoyi.generator.controller.GenController.editSave()', 'POST', '1', 'admin', '研发部门', '/tool/gen/edit', '127.0.0.1', '内网IP', '{\"tableId\":[\"2\"],\"tableName\":[\"platf_econ_type\"],\"tableComment\":[\"经济类型\"],\"className\":[\"EconType\"],\"functionAuthor\":[\"dalin\"],\"remark\":[\"\"],\"columns[0].columnId\":[\"12\"],\"columns[0].sort\":[\"1\"],\"columns[0].columnComment\":[\"主键\"],\"columns[0].javaType\":[\"Integer\"],\"columns[0].javaField\":[\"econId\"],\"columns[0].isInsert\":[\"1\"],\"columns[0].queryType\":[\"EQ\"],\"columns[0].htmlType\":[\"input\"],\"columns[0].dictType\":[\"\"],\"columns[1].columnId\":[\"13\"],\"columns[1].sort\":[\"2\"],\"columns[1].columnComment\":[\"名称\"],\"columns[1].javaType\":[\"String\"],\"columns[1].javaField\":[\"econName\"],\"columns[1].isInsert\":[\"1\"],\"columns[1].isEdit\":[\"1\"],\"columns[1].isList\":[\"1\"],\"columns[1].isQuery\":[\"1\"],\"columns[1].queryType\":[\"LIKE\"],\"columns[1].isRequired\":[\"1\"],\"columns[1].htmlType\":[\"input\"],\"columns[1].dictType\":[\"\"],\"columns[2].columnId\":[\"14\"],\"columns[2].sort\":[\"3\"],\"columns[2].columnComment\":[\"单据号\"],\"columns[2].javaType\":[\"String\"],\"columns[2].javaField\":[\"docNum\"],\"columns[2].isInsert\":[\"1\"],\"columns[2].isList\":[\"1\"],\"columns[2].queryType\":[\"EQ\"],\"columns[2].htmlType\":[\"input\"],\"columns[2].dictType\":[\"\"],\"columns[3].columnId\":[\"15\"],\"columns[3].sort\":[\"4\"],\"columns[3].columnComment\":[\"资料状态\"],\"columns[3].javaType\":[\"String\"],\"columns[3].javaField\":[\"status\"],\"columns[3].isInsert\":[\"1\"],\"columns[3].isEdit\":[\"1\"],\"columns[3].isList\":[\"1\"],\"columns[3].isQuery\":[\"1\"],\"columns[3].queryType\":[\"EQ\"],\"columns[3].isRequired\":[\"1\"],\"columns[3].htmlType\":[\"radio\"],\"columns[3].dictType\":[\"platf_doc_statu\"],\"columns[4].columnId\":[\"16\"],\"columns[4].sort\":[\"5\"],\"columns[4].columnComment\":[\"备注\"],\"columns[4].javaType\":[\"String\"],\"columns[4].javaField\":[\"remark\"],\"columns[4].isInsert\":[\"1\"],\"columns[4].isEdit\":[\"1\"],\"columns[4].isList\":[\"1\"],\"columns[4].queryType\":[\"EQ\"],\"columns[4].htmlType\":[\"textarea\"],\"columns[4].dictType\":[\"\"],\"columns[5].columnId\":[\"17\"],\"columns[5].sort\":[\"6\"],\"columns[5].columnComment\":[\"删除标志\"],\"columns[5].javaType\":[\"String\"],\"columns[5].javaField\":[\"delFlag\"],\"columns[5].isInsert\":[\"1\"]', '{\r\n  \"msg\" : \"操作成功\",\r\n  \"code\" : 0\r\n}', '0', null, '2020-12-09 07:47:35');
INSERT INTO `sys_oper_log` VALUES ('139', '代码生成', '6', 'com.ruoyi.generator.controller.GenController.importTableSave()', 'POST', '1', 'admin', '研发部门', '/tool/gen/importTable', '127.0.0.1', '内网IP', '{\"tables\":[\"sys_user_online\"]}', 'null', '1', '导入失败：null', '2020-12-09 07:55:58');
INSERT INTO `sys_oper_log` VALUES ('140', '代码生成', '6', 'com.ruoyi.generator.controller.GenController.importTableSave()', 'POST', '1', 'admin', '研发部门', '/tool/gen/importTable', '127.0.0.1', '内网IP', '{\"tables\":[\"sys_notice\"]}', 'null', '1', '导入失败：null', '2020-12-09 07:56:03');
INSERT INTO `sys_oper_log` VALUES ('141', '代码生成', '3', 'com.ruoyi.generator.controller.GenController.remove()', 'POST', '1', 'admin', '研发部门', '/tool/gen/remove', '127.0.0.1', '内网IP', '{\"ids\":[\"2\"]}', '{\r\n  \"msg\" : \"操作成功\",\r\n  \"code\" : 0\r\n}', '0', null, '2020-12-09 07:56:15');
INSERT INTO `sys_oper_log` VALUES ('142', '代码生成', '6', 'com.ruoyi.generator.controller.GenController.importTableSave()', 'POST', '1', 'admin', '研发部门', '/tool/gen/importTable', '127.0.0.1', '内网IP', '{\"tables\":[\"platf_econ_type\"]}', 'null', '1', '导入失败：null', '2020-12-09 07:56:18');
INSERT INTO `sys_oper_log` VALUES ('143', '代码生成', '6', 'com.ruoyi.generator.controller.GenController.importTableSave()', 'POST', '1', 'admin', '研发部门', '/tool/gen/importTable', '127.0.0.1', '内网IP', '{\"tables\":[\"platf_econ_type\"]}', 'null', '1', '导入失败：null', '2020-12-09 07:56:51');
INSERT INTO `sys_oper_log` VALUES ('144', '代码生成', '6', 'com.ruoyi.generator.controller.GenController.importTableSave()', 'POST', '1', 'admin', '研发部门', '/tool/gen/importTable', '127.0.0.1', '内网IP', '{\"tables\":[\"platf_econ_type\"]}', 'null', '1', '导入失败：null', '2020-12-09 07:57:47');
INSERT INTO `sys_oper_log` VALUES ('145', '代码生成', '6', 'com.ruoyi.generator.controller.GenController.importTableSave()', 'POST', '1', 'admin', '研发部门', '/tool/gen/importTable', '127.0.0.1', '内网IP', '{\"tables\":[\"platf_econ_type\"]}', 'null', '1', '导入失败：null', '2020-12-09 07:57:55');
INSERT INTO `sys_oper_log` VALUES ('146', '代码生成', '6', 'com.ruoyi.generator.controller.GenController.importTableSave()', 'POST', '1', 'admin', '研发部门', '/tool/gen/importTable', '127.0.0.1', '内网IP', '{\"tables\":[\"platf_econ_type\"]}', 'null', '1', '导入失败：null', '2020-12-09 07:58:18');
INSERT INTO `sys_oper_log` VALUES ('147', '代码生成', '6', 'com.ruoyi.generator.controller.GenController.importTableSave()', 'POST', '1', 'admin', '研发部门', '/tool/gen/importTable', '127.0.0.1', '内网IP', '{\"tables\":[\"platf_econ_type\"]}', 'null', '1', '导入失败：null', '2020-12-09 07:59:15');
INSERT INTO `sys_oper_log` VALUES ('148', '代码生成', '6', 'com.ruoyi.generator.controller.GenController.importTableSave()', 'POST', '1', 'admin', '研发部门', '/tool/gen/importTable', '127.0.0.1', '内网IP', '{\"tables\":[\"platf_econ_type\"]}', 'null', '1', '导入失败：null', '2020-12-09 08:04:17');
INSERT INTO `sys_oper_log` VALUES ('149', '代码生成', '6', 'com.ruoyi.generator.controller.GenController.importTableSave()', 'POST', '1', 'admin', '研发部门', '/tool/gen/importTable', '127.0.0.1', '内网IP', '{\"tables\":[\"platf_econ_type\"]}', '{\r\n  \"msg\" : \"操作成功\",\r\n  \"code\" : 0\r\n}', '0', null, '2020-12-09 08:09:17');
INSERT INTO `sys_oper_log` VALUES ('150', '代码生成', '8', 'com.ruoyi.generator.controller.GenController.download()', 'GET', '1', 'admin', '研发部门', '/tool/gen/download/platf_econ_type', '127.0.0.1', '内网IP', null, 'null', '0', null, '2020-12-09 08:09:26');
INSERT INTO `sys_oper_log` VALUES ('151', '代码生成', '3', 'com.ruoyi.generator.controller.GenController.remove()', 'POST', '1', 'admin', '研发部门', '/tool/gen/remove', '127.0.0.1', '内网IP', '{\"ids\":[\"14\"]}', '{\r\n  \"msg\" : \"操作成功\",\r\n  \"code\" : 0\r\n}', '0', null, '2020-12-09 08:13:10');
INSERT INTO `sys_oper_log` VALUES ('152', '代码生成', '6', 'com.ruoyi.generator.controller.GenController.importTableSave()', 'POST', '1', 'admin', '研发部门', '/tool/gen/importTable', '127.0.0.1', '内网IP', '{\"tables\":[\"platf_econ_type\"]}', '{\r\n  \"msg\" : \"操作成功\",\r\n  \"code\" : 0\r\n}', '0', null, '2020-12-09 08:13:14');
INSERT INTO `sys_oper_log` VALUES ('153', '代码生成', '3', 'com.ruoyi.generator.controller.GenController.remove()', 'POST', '1', 'admin', '研发部门', '/tool/gen/remove', '127.0.0.1', '内网IP', '{\"ids\":[\"15\"]}', '{\r\n  \"msg\" : \"操作成功\",\r\n  \"code\" : 0\r\n}', '0', null, '2020-12-09 08:13:23');
INSERT INTO `sys_oper_log` VALUES ('154', '代码生成', '6', 'com.ruoyi.generator.controller.GenController.importTableSave()', 'POST', '1', 'admin', '研发部门', '/tool/gen/importTable', '127.0.0.1', '内网IP', '{\"tables\":[\"platf_econ_type\"]}', '{\r\n  \"msg\" : \"操作成功\",\r\n  \"code\" : 0\r\n}', '0', null, '2020-12-09 08:13:30');
INSERT INTO `sys_oper_log` VALUES ('155', '代码生成', '3', 'com.ruoyi.generator.controller.GenController.remove()', 'POST', '1', 'admin', '研发部门', '/tool/gen/remove', '127.0.0.1', '内网IP', '{\"ids\":[\"16\"]}', '{\r\n  \"msg\" : \"操作成功\",\r\n  \"code\" : 0\r\n}', '0', null, '2020-12-09 08:13:53');
INSERT INTO `sys_oper_log` VALUES ('156', '代码生成', '6', 'com.ruoyi.generator.controller.GenController.importTableSave()', 'POST', '1', 'admin', '研发部门', '/tool/gen/importTable', '127.0.0.1', '内网IP', '{\"tables\":[\"platf_econ_type\"]}', '{\r\n  \"msg\" : \"操作成功\",\r\n  \"code\" : 0\r\n}', '0', null, '2020-12-09 08:14:33');
INSERT INTO `sys_oper_log` VALUES ('157', '代码生成', '3', 'com.ruoyi.generator.controller.GenController.remove()', 'POST', '1', 'admin', '研发部门', '/tool/gen/remove', '127.0.0.1', '内网IP', '{\"ids\":[\"17\"]}', '{\r\n  \"msg\" : \"操作成功\",\r\n  \"code\" : 0\r\n}', '0', null, '2020-12-09 08:17:00');
INSERT INTO `sys_oper_log` VALUES ('158', '代码生成', '3', 'com.ruoyi.generator.controller.GenController.remove()', 'POST', '1', 'admin', '研发部门', '/tool/gen/remove', '127.0.0.1', '内网IP', '{\"ids\":[\"18\"]}', '{\r\n  \"msg\" : \"操作成功\",\r\n  \"code\" : 0\r\n}', '0', null, '2020-12-09 08:28:01');
INSERT INTO `sys_oper_log` VALUES ('159', '代码生成', '6', 'com.ruoyi.generator.controller.GenController.importTableSave()', 'POST', '1', 'admin', '研发部门', '/tool/gen/importTable', '127.0.0.1', '内网IP', '{\"tables\":[\"platf_econ_type\"]}', '{\r\n  \"msg\" : \"操作成功\",\r\n  \"code\" : 0\r\n}', '0', null, '2020-12-09 08:32:51');
INSERT INTO `sys_oper_log` VALUES ('160', '代码生成', '8', 'com.ruoyi.generator.controller.GenController.download()', 'GET', '1', 'admin', '研发部门', '/tool/gen/download/platf_econ_type', '127.0.0.1', '内网IP', null, 'null', '0', null, '2020-12-09 08:33:38');
INSERT INTO `sys_oper_log` VALUES ('161', '代码生成', '2', 'com.ruoyi.generator.controller.GenController.editSave()', 'POST', '1', 'admin', '研发部门', '/tool/gen/edit', '127.0.0.1', '内网IP', '{\"tableId\":[\"19\"],\"tableName\":[\"platf_econ_type\"],\"tableComment\":[\"经济类型 \"],\"className\":[\"EconType\"],\"functionAuthor\":[\"dalin\"],\"remark\":[\"\"],\"columns[0].columnId\":[\"82\"],\"columns[0].sort\":[\"1\"],\"columns[0].columnComment\":[\"主键\"],\"columns[0].javaType\":[\"Long\"],\"columns[0].javaField\":[\"econId\"],\"columns[0].isInsert\":[\"1\"],\"columns[0].queryType\":[\"EQ\"],\"columns[0].htmlType\":[\"input\"],\"columns[0].dictType\":[\"\"],\"columns[1].columnId\":[\"83\"],\"columns[1].sort\":[\"2\"],\"columns[1].columnComment\":[\"名称\"],\"columns[1].javaType\":[\"String\"],\"columns[1].javaField\":[\"econName\"],\"columns[1].isInsert\":[\"1\"],\"columns[1].isEdit\":[\"1\"],\"columns[1].isList\":[\"1\"],\"columns[1].isQuery\":[\"1\"],\"columns[1].queryType\":[\"LIKE\"],\"columns[1].isRequired\":[\"1\"],\"columns[1].htmlType\":[\"input\"],\"columns[1].dictType\":[\"\"],\"columns[2].columnId\":[\"84\"],\"columns[2].sort\":[\"3\"],\"columns[2].columnComment\":[\"单据号\"],\"columns[2].javaType\":[\"String\"],\"columns[2].javaField\":[\"docNum\"],\"columns[2].isInsert\":[\"1\"],\"columns[2].isEdit\":[\"1\"],\"columns[2].isList\":[\"1\"],\"columns[2].queryType\":[\"EQ\"],\"columns[2].isRequired\":[\"1\"],\"columns[2].htmlType\":[\"input\"],\"columns[2].dictType\":[\"\"],\"columns[3].columnId\":[\"85\"],\"columns[3].sort\":[\"4\"],\"columns[3].columnComment\":[\"资料状态\"],\"columns[3].javaType\":[\"String\"],\"columns[3].javaField\":[\"status\"],\"columns[3].isInsert\":[\"1\"],\"columns[3].isEdit\":[\"1\"],\"columns[3].isList\":[\"1\"],\"columns[3].isQuery\":[\"1\"],\"columns[3].queryType\":[\"EQ\"],\"columns[3].isRequired\":[\"1\"],\"columns[3].htmlType\":[\"radio\"],\"columns[3].dictType\":[\"platf_doc_statu\"],\"columns[4].columnId\":[\"86\"],\"columns[4].sort\":[\"5\"],\"columns[4].columnComment\":[\"备注\"],\"columns[4].javaType\":[\"String\"],\"columns[4].javaField\":[\"remark\"],\"columns[4].isInsert\":[\"1\"],\"columns[4].isEdit\":[\"1\"],\"columns[4].isList\":[\"1\"],\"columns[4].queryType\":[\"EQ\"],\"columns[4].htmlType\":[\"textarea\"],\"columns[4].dictType\":[\"\"],\"columns[5].columnId\":[\"87\"],\"columns[5].sort\":[\"6\"],\"columns[5].columnComment\":[\"删除标志 删除标志\"],\"columns[5].javaType\":[\"String\"],\"c', '{\r\n  \"msg\" : \"操作成功\",\r\n  \"code\" : 0\r\n}', '0', null, '2020-12-09 08:39:55');
INSERT INTO `sys_oper_log` VALUES ('162', '代码生成', '8', 'com.ruoyi.generator.controller.GenController.download()', 'GET', '1', 'admin', '研发部门', '/tool/gen/download/platf_econ_type', '127.0.0.1', '内网IP', null, 'null', '0', null, '2020-12-09 08:40:28');
INSERT INTO `sys_oper_log` VALUES ('163', '代码生成', '3', 'com.ruoyi.generator.controller.GenController.remove()', 'POST', '1', 'admin', '研发部门', '/tool/gen/remove', '127.0.0.1', '内网IP', '{\"ids\":[\"19\"]}', '{\r\n  \"msg\" : \"操作成功\",\r\n  \"code\" : 0\r\n}', '0', null, '2020-12-09 08:51:58');
INSERT INTO `sys_oper_log` VALUES ('164', '代码生成', '6', 'com.ruoyi.generator.controller.GenController.importTableSave()', 'POST', '1', 'admin', '研发部门', '/tool/gen/importTable', '127.0.0.1', '内网IP', '{\"tables\":[\"platf_econ_type\"]}', '{\r\n  \"msg\" : \"操作成功\",\r\n  \"code\" : 0\r\n}', '0', null, '2020-12-09 08:52:40');
INSERT INTO `sys_oper_log` VALUES ('165', '代码生成', '2', 'com.ruoyi.generator.controller.GenController.editSave()', 'POST', '1', 'admin', '研发部门', '/tool/gen/edit', '127.0.0.1', '内网IP', '{\"tableId\":[\"20\"],\"tableName\":[\"platf_econ_type\"],\"tableComment\":[\"经济类型 \"],\"className\":[\"EconType\"],\"functionAuthor\":[\"dalin\"],\"remark\":[\"\"],\"columns[0].columnId\":[\"92\"],\"columns[0].sort\":[\"1\"],\"columns[0].columnComment\":[\"主键\"],\"columns[0].javaType\":[\"Long\"],\"columns[0].javaField\":[\"econId\"],\"columns[0].isInsert\":[\"1\"],\"columns[0].queryType\":[\"EQ\"],\"columns[0].htmlType\":[\"input\"],\"columns[0].dictType\":[\"\"],\"columns[1].columnId\":[\"93\"],\"columns[1].sort\":[\"2\"],\"columns[1].columnComment\":[\"名称\"],\"columns[1].javaType\":[\"String\"],\"columns[1].javaField\":[\"econName\"],\"columns[1].isInsert\":[\"1\"],\"columns[1].isEdit\":[\"1\"],\"columns[1].isList\":[\"1\"],\"columns[1].isQuery\":[\"1\"],\"columns[1].queryType\":[\"LIKE\"],\"columns[1].isRequired\":[\"1\"],\"columns[1].htmlType\":[\"input\"],\"columns[1].dictType\":[\"\"],\"columns[2].columnId\":[\"94\"],\"columns[2].sort\":[\"3\"],\"columns[2].columnComment\":[\"单据号\"],\"columns[2].javaType\":[\"String\"],\"columns[2].javaField\":[\"docNum\"],\"columns[2].isInsert\":[\"1\"],\"columns[2].isEdit\":[\"1\"],\"columns[2].isList\":[\"1\"],\"columns[2].isQuery\":[\"1\"],\"columns[2].queryType\":[\"EQ\"],\"columns[2].isRequired\":[\"1\"],\"columns[2].htmlType\":[\"input\"],\"columns[2].dictType\":[\"\"],\"columns[3].columnId\":[\"95\"],\"columns[3].sort\":[\"4\"],\"columns[3].columnComment\":[\"资料状态 0有效 1无效\"],\"columns[3].javaType\":[\"String\"],\"columns[3].javaField\":[\"status\"],\"columns[3].isInsert\":[\"1\"],\"columns[3].isEdit\":[\"1\"],\"columns[3].isList\":[\"1\"],\"columns[3].isQuery\":[\"1\"],\"columns[3].queryType\":[\"EQ\"],\"columns[3].isRequired\":[\"1\"],\"columns[3].htmlType\":[\"radio\"],\"columns[3].dictType\":[\"\"],\"columns[4].columnId\":[\"96\"],\"columns[4].sort\":[\"5\"],\"columns[4].columnComment\":[\"备注\"],\"columns[4].javaType\":[\"String\"],\"columns[4].javaField\":[\"remark\"],\"columns[4].isInsert\":[\"1\"],\"columns[4].isEdit\":[\"1\"],\"columns[4].isList\":[\"1\"],\"columns[4].queryType\":[\"EQ\"],\"columns[4].htmlType\":[\"textarea\"],\"columns[4].dictType\":[\"\"],\"columns[5].columnId\":[\"97\"],\"columns[5].sort\":[\"6\"],\"columns[5].columnComment\":[\"删除标志 删除标志（0代表存在 2代表删除）\"],\"c', '{\r\n  \"msg\" : \"操作成功\",\r\n  \"code\" : 0\r\n}', '0', null, '2020-12-09 08:53:30');
INSERT INTO `sys_oper_log` VALUES ('166', '代码生成', '2', 'com.ruoyi.generator.controller.GenController.editSave()', 'POST', '1', 'admin', '研发部门', '/tool/gen/edit', '127.0.0.1', '内网IP', '{\"tableId\":[\"20\"],\"tableName\":[\"platf_econ_type\"],\"tableComment\":[\"经济类型\"],\"className\":[\"EconType\"],\"functionAuthor\":[\"dalin\"],\"remark\":[\"\"],\"columns[0].columnId\":[\"92\"],\"columns[0].sort\":[\"1\"],\"columns[0].columnComment\":[\"主键\"],\"columns[0].javaType\":[\"Long\"],\"columns[0].javaField\":[\"econId\"],\"columns[0].isInsert\":[\"1\"],\"columns[0].queryType\":[\"EQ\"],\"columns[0].htmlType\":[\"input\"],\"columns[0].dictType\":[\"\"],\"columns[1].columnId\":[\"93\"],\"columns[1].sort\":[\"2\"],\"columns[1].columnComment\":[\"名称\"],\"columns[1].javaType\":[\"String\"],\"columns[1].javaField\":[\"econName\"],\"columns[1].isInsert\":[\"1\"],\"columns[1].isEdit\":[\"1\"],\"columns[1].isList\":[\"1\"],\"columns[1].isQuery\":[\"1\"],\"columns[1].queryType\":[\"LIKE\"],\"columns[1].isRequired\":[\"1\"],\"columns[1].htmlType\":[\"input\"],\"columns[1].dictType\":[\"\"],\"columns[2].columnId\":[\"94\"],\"columns[2].sort\":[\"3\"],\"columns[2].columnComment\":[\"单据号\"],\"columns[2].javaType\":[\"String\"],\"columns[2].javaField\":[\"docNum\"],\"columns[2].isInsert\":[\"1\"],\"columns[2].isEdit\":[\"1\"],\"columns[2].isList\":[\"1\"],\"columns[2].isQuery\":[\"1\"],\"columns[2].queryType\":[\"EQ\"],\"columns[2].isRequired\":[\"1\"],\"columns[2].htmlType\":[\"input\"],\"columns[2].dictType\":[\"\"],\"columns[3].columnId\":[\"95\"],\"columns[3].sort\":[\"4\"],\"columns[3].columnComment\":[\"资料状态 0有效 1无效\"],\"columns[3].javaType\":[\"String\"],\"columns[3].javaField\":[\"status\"],\"columns[3].isInsert\":[\"1\"],\"columns[3].isEdit\":[\"1\"],\"columns[3].isList\":[\"1\"],\"columns[3].isQuery\":[\"1\"],\"columns[3].queryType\":[\"EQ\"],\"columns[3].isRequired\":[\"1\"],\"columns[3].htmlType\":[\"radio\"],\"columns[3].dictType\":[\"\"],\"columns[4].columnId\":[\"96\"],\"columns[4].sort\":[\"5\"],\"columns[4].columnComment\":[\"备注\"],\"columns[4].javaType\":[\"String\"],\"columns[4].javaField\":[\"remark\"],\"columns[4].isInsert\":[\"1\"],\"columns[4].isEdit\":[\"1\"],\"columns[4].isList\":[\"1\"],\"columns[4].queryType\":[\"EQ\"],\"columns[4].htmlType\":[\"textarea\"],\"columns[4].dictType\":[\"\"],\"columns[5].columnId\":[\"97\"],\"columns[5].sort\":[\"6\"],\"columns[5].columnComment\":[\"删除标志 删除标志（0代表存在 2代表删除）\"],\"co', '{\r\n  \"msg\" : \"操作成功\",\r\n  \"code\" : 0\r\n}', '0', null, '2020-12-09 08:53:57');
INSERT INTO `sys_oper_log` VALUES ('167', '代码生成', '2', 'com.ruoyi.generator.controller.GenController.editSave()', 'POST', '1', 'admin', '研发部门', '/tool/gen/edit', '127.0.0.1', '内网IP', '{\"tableId\":[\"20\"],\"tableName\":[\"platf_econ_type\"],\"tableComment\":[\"经济类型\"],\"className\":[\"EconType\"],\"functionAuthor\":[\"dalin\"],\"remark\":[\"\"],\"columns[0].columnId\":[\"92\"],\"columns[0].sort\":[\"1\"],\"columns[0].columnComment\":[\"主键\"],\"columns[0].javaType\":[\"Long\"],\"columns[0].javaField\":[\"econId\"],\"columns[0].isInsert\":[\"1\"],\"columns[0].queryType\":[\"EQ\"],\"columns[0].htmlType\":[\"input\"],\"columns[0].dictType\":[\"\"],\"columns[1].columnId\":[\"93\"],\"columns[1].sort\":[\"2\"],\"columns[1].columnComment\":[\"名称\"],\"columns[1].javaType\":[\"String\"],\"columns[1].javaField\":[\"econName\"],\"columns[1].isInsert\":[\"1\"],\"columns[1].isEdit\":[\"1\"],\"columns[1].isList\":[\"1\"],\"columns[1].isQuery\":[\"1\"],\"columns[1].queryType\":[\"LIKE\"],\"columns[1].isRequired\":[\"1\"],\"columns[1].htmlType\":[\"input\"],\"columns[1].dictType\":[\"\"],\"columns[2].columnId\":[\"94\"],\"columns[2].sort\":[\"3\"],\"columns[2].columnComment\":[\"单据号\"],\"columns[2].javaType\":[\"String\"],\"columns[2].javaField\":[\"docNum\"],\"columns[2].isInsert\":[\"1\"],\"columns[2].isEdit\":[\"1\"],\"columns[2].isList\":[\"1\"],\"columns[2].isQuery\":[\"1\"],\"columns[2].queryType\":[\"EQ\"],\"columns[2].isRequired\":[\"1\"],\"columns[2].htmlType\":[\"input\"],\"columns[2].dictType\":[\"\"],\"columns[3].columnId\":[\"95\"],\"columns[3].sort\":[\"4\"],\"columns[3].columnComment\":[\"资料状态 0有效 1无效\"],\"columns[3].javaType\":[\"String\"],\"columns[3].javaField\":[\"status\"],\"columns[3].isInsert\":[\"1\"],\"columns[3].isEdit\":[\"1\"],\"columns[3].isList\":[\"1\"],\"columns[3].isQuery\":[\"1\"],\"columns[3].queryType\":[\"EQ\"],\"columns[3].isRequired\":[\"1\"],\"columns[3].htmlType\":[\"radio\"],\"columns[3].dictType\":[\"\"],\"columns[4].columnId\":[\"96\"],\"columns[4].sort\":[\"5\"],\"columns[4].columnComment\":[\"备注\"],\"columns[4].javaType\":[\"String\"],\"columns[4].javaField\":[\"remark\"],\"columns[4].isInsert\":[\"1\"],\"columns[4].isEdit\":[\"1\"],\"columns[4].isList\":[\"1\"],\"columns[4].queryType\":[\"EQ\"],\"columns[4].htmlType\":[\"textarea\"],\"columns[4].dictType\":[\"\"],\"columns[5].columnId\":[\"97\"],\"columns[5].sort\":[\"6\"],\"columns[5].columnComment\":[\"删除标志 删除标志（0代表存在 2代表删除）\"],\"co', '{\r\n  \"msg\" : \"操作成功\",\r\n  \"code\" : 0\r\n}', '0', null, '2020-12-09 08:57:45');
INSERT INTO `sys_oper_log` VALUES ('168', '代码生成', '2', 'com.ruoyi.generator.controller.GenController.editSave()', 'POST', '1', 'admin', '研发部门', '/tool/gen/edit', '127.0.0.1', '内网IP', '{\"tableId\":[\"20\"],\"tableName\":[\"platf_econ_type\"],\"tableComment\":[\"经济类型\"],\"className\":[\"EconType\"],\"functionAuthor\":[\"dalin\"],\"remark\":[\"\"],\"columns[0].columnId\":[\"92\"],\"columns[0].sort\":[\"1\"],\"columns[0].columnComment\":[\"主键\"],\"columns[0].javaType\":[\"Long\"],\"columns[0].javaField\":[\"econId\"],\"columns[0].isInsert\":[\"1\"],\"columns[0].queryType\":[\"EQ\"],\"columns[0].htmlType\":[\"input\"],\"columns[0].dictType\":[\"\"],\"columns[1].columnId\":[\"93\"],\"columns[1].sort\":[\"2\"],\"columns[1].columnComment\":[\"名称\"],\"columns[1].javaType\":[\"String\"],\"columns[1].javaField\":[\"econName\"],\"columns[1].isInsert\":[\"1\"],\"columns[1].isEdit\":[\"1\"],\"columns[1].isList\":[\"1\"],\"columns[1].isQuery\":[\"1\"],\"columns[1].queryType\":[\"LIKE\"],\"columns[1].isRequired\":[\"1\"],\"columns[1].htmlType\":[\"input\"],\"columns[1].dictType\":[\"\"],\"columns[2].columnId\":[\"94\"],\"columns[2].sort\":[\"3\"],\"columns[2].columnComment\":[\"单据号\"],\"columns[2].javaType\":[\"String\"],\"columns[2].javaField\":[\"docNum\"],\"columns[2].isInsert\":[\"1\"],\"columns[2].isEdit\":[\"1\"],\"columns[2].isList\":[\"1\"],\"columns[2].isQuery\":[\"1\"],\"columns[2].queryType\":[\"EQ\"],\"columns[2].isRequired\":[\"1\"],\"columns[2].htmlType\":[\"input\"],\"columns[2].dictType\":[\"\"],\"columns[3].columnId\":[\"95\"],\"columns[3].sort\":[\"4\"],\"columns[3].columnComment\":[\"资料状态 0有效 1无效\"],\"columns[3].javaType\":[\"String\"],\"columns[3].javaField\":[\"status\"],\"columns[3].isInsert\":[\"1\"],\"columns[3].isEdit\":[\"1\"],\"columns[3].isList\":[\"1\"],\"columns[3].isQuery\":[\"1\"],\"columns[3].queryType\":[\"EQ\"],\"columns[3].isRequired\":[\"1\"],\"columns[3].htmlType\":[\"radio\"],\"columns[3].dictType\":[\"\"],\"columns[4].columnId\":[\"96\"],\"columns[4].sort\":[\"5\"],\"columns[4].columnComment\":[\"备注\"],\"columns[4].javaType\":[\"String\"],\"columns[4].javaField\":[\"remark\"],\"columns[4].isInsert\":[\"1\"],\"columns[4].isEdit\":[\"1\"],\"columns[4].isList\":[\"1\"],\"columns[4].queryType\":[\"EQ\"],\"columns[4].htmlType\":[\"textarea\"],\"columns[4].dictType\":[\"\"],\"columns[5].columnId\":[\"97\"],\"columns[5].sort\":[\"6\"],\"columns[5].columnComment\":[\"删除标志 删除标志（0代表存在 2代表删除）\"],\"co', '{\r\n  \"msg\" : \"操作成功\",\r\n  \"code\" : 0\r\n}', '0', null, '2020-12-09 09:03:34');
INSERT INTO `sys_oper_log` VALUES ('169', '代码生成', '2', 'com.ruoyi.generator.controller.GenController.editSave()', 'POST', '1', 'admin', '研发部门', '/tool/gen/edit', '127.0.0.1', '内网IP', '{\"tableId\":[\"20\"],\"tableName\":[\"platf_econ_type\"],\"tableComment\":[\"经济类型\"],\"className\":[\"EconType\"],\"functionAuthor\":[\"dalin\"],\"remark\":[\"\"],\"columns[0].columnId\":[\"92\"],\"columns[0].sort\":[\"1\"],\"columns[0].columnComment\":[\"主键\"],\"columns[0].javaType\":[\"Long\"],\"columns[0].javaField\":[\"econId\"],\"columns[0].isInsert\":[\"1\"],\"columns[0].queryType\":[\"EQ\"],\"columns[0].htmlType\":[\"input\"],\"columns[0].dictType\":[\"\"],\"columns[1].columnId\":[\"93\"],\"columns[1].sort\":[\"2\"],\"columns[1].columnComment\":[\"名称\"],\"columns[1].javaType\":[\"String\"],\"columns[1].javaField\":[\"econName\"],\"columns[1].isInsert\":[\"1\"],\"columns[1].isEdit\":[\"1\"],\"columns[1].isList\":[\"1\"],\"columns[1].isQuery\":[\"1\"],\"columns[1].queryType\":[\"LIKE\"],\"columns[1].isRequired\":[\"1\"],\"columns[1].htmlType\":[\"input\"],\"columns[1].dictType\":[\"\"],\"columns[2].columnId\":[\"94\"],\"columns[2].sort\":[\"3\"],\"columns[2].columnComment\":[\"单据号\"],\"columns[2].javaType\":[\"String\"],\"columns[2].javaField\":[\"docNum\"],\"columns[2].isInsert\":[\"1\"],\"columns[2].isEdit\":[\"1\"],\"columns[2].isList\":[\"1\"],\"columns[2].isQuery\":[\"1\"],\"columns[2].queryType\":[\"EQ\"],\"columns[2].isRequired\":[\"1\"],\"columns[2].htmlType\":[\"input\"],\"columns[2].dictType\":[\"\"],\"columns[3].columnId\":[\"95\"],\"columns[3].sort\":[\"4\"],\"columns[3].columnComment\":[\"资料状态 0有效 1无效\"],\"columns[3].javaType\":[\"String\"],\"columns[3].javaField\":[\"status\"],\"columns[3].isInsert\":[\"1\"],\"columns[3].isEdit\":[\"1\"],\"columns[3].isList\":[\"1\"],\"columns[3].isQuery\":[\"1\"],\"columns[3].queryType\":[\"EQ\"],\"columns[3].isRequired\":[\"1\"],\"columns[3].htmlType\":[\"radio\"],\"columns[3].dictType\":[\"\"],\"columns[4].columnId\":[\"96\"],\"columns[4].sort\":[\"5\"],\"columns[4].columnComment\":[\"备注\"],\"columns[4].javaType\":[\"String\"],\"columns[4].javaField\":[\"remark\"],\"columns[4].isInsert\":[\"1\"],\"columns[4].isEdit\":[\"1\"],\"columns[4].isList\":[\"1\"],\"columns[4].queryType\":[\"EQ\"],\"columns[4].htmlType\":[\"textarea\"],\"columns[4].dictType\":[\"\"],\"columns[5].columnId\":[\"97\"],\"columns[5].sort\":[\"6\"],\"columns[5].columnComment\":[\"删除标志 删除标志（0代表存在 2代表删除）\"],\"co', 'null', '1', '', '2020-12-09 09:06:53');
INSERT INTO `sys_oper_log` VALUES ('170', '代码生成', '2', 'com.ruoyi.generator.controller.GenController.editSave()', 'POST', '1', 'admin', '研发部门', '/tool/gen/edit', '127.0.0.1', '内网IP', '{\"tableId\":[\"20\"],\"tableName\":[\"platf_econ_type\"],\"tableComment\":[\"经济类型\"],\"className\":[\"EconType\"],\"functionAuthor\":[\"dalin\"],\"remark\":[\"\"],\"columns[0].columnId\":[\"92\"],\"columns[0].sort\":[\"1\"],\"columns[0].columnComment\":[\"主键\"],\"columns[0].javaType\":[\"Long\"],\"columns[0].javaField\":[\"econId\"],\"columns[0].isInsert\":[\"1\"],\"columns[0].queryType\":[\"EQ\"],\"columns[0].htmlType\":[\"input\"],\"columns[0].dictType\":[\"\"],\"columns[1].columnId\":[\"93\"],\"columns[1].sort\":[\"2\"],\"columns[1].columnComment\":[\"名称\"],\"columns[1].javaType\":[\"String\"],\"columns[1].javaField\":[\"econName\"],\"columns[1].isInsert\":[\"1\"],\"columns[1].isEdit\":[\"1\"],\"columns[1].isList\":[\"1\"],\"columns[1].isQuery\":[\"1\"],\"columns[1].queryType\":[\"LIKE\"],\"columns[1].isRequired\":[\"1\"],\"columns[1].htmlType\":[\"input\"],\"columns[1].dictType\":[\"\"],\"columns[2].columnId\":[\"94\"],\"columns[2].sort\":[\"3\"],\"columns[2].columnComment\":[\"单据号\"],\"columns[2].javaType\":[\"String\"],\"columns[2].javaField\":[\"docNum\"],\"columns[2].isInsert\":[\"1\"],\"columns[2].isEdit\":[\"1\"],\"columns[2].isList\":[\"1\"],\"columns[2].isQuery\":[\"1\"],\"columns[2].queryType\":[\"EQ\"],\"columns[2].isRequired\":[\"1\"],\"columns[2].htmlType\":[\"input\"],\"columns[2].dictType\":[\"\"],\"columns[3].columnId\":[\"95\"],\"columns[3].sort\":[\"4\"],\"columns[3].columnComment\":[\"资料状态 0有效 1无效\"],\"columns[3].javaType\":[\"String\"],\"columns[3].javaField\":[\"status\"],\"columns[3].isInsert\":[\"1\"],\"columns[3].isEdit\":[\"1\"],\"columns[3].isList\":[\"1\"],\"columns[3].isQuery\":[\"1\"],\"columns[3].queryType\":[\"EQ\"],\"columns[3].isRequired\":[\"1\"],\"columns[3].htmlType\":[\"radio\"],\"columns[3].dictType\":[\"\"],\"columns[4].columnId\":[\"96\"],\"columns[4].sort\":[\"5\"],\"columns[4].columnComment\":[\"备注\"],\"columns[4].javaType\":[\"String\"],\"columns[4].javaField\":[\"remark\"],\"columns[4].isInsert\":[\"1\"],\"columns[4].isEdit\":[\"1\"],\"columns[4].isList\":[\"1\"],\"columns[4].queryType\":[\"EQ\"],\"columns[4].htmlType\":[\"textarea\"],\"columns[4].dictType\":[\"\"],\"columns[5].columnId\":[\"97\"],\"columns[5].sort\":[\"6\"],\"columns[5].columnComment\":[\"删除标志 删除标志（0代表存在 2代表删除）\"],\"co', 'null', '1', '', '2020-12-09 09:09:48');
INSERT INTO `sys_oper_log` VALUES ('171', '代码生成', '2', 'com.ruoyi.generator.controller.GenController.editSave()', 'POST', '1', 'admin', '研发部门', '/tool/gen/edit', '127.0.0.1', '内网IP', '{\"tableId\":[\"20\"],\"tableName\":[\"platf_econ_type\"],\"tableComment\":[\"经济类型\"],\"className\":[\"EconType\"],\"functionAuthor\":[\"dalin\"],\"remark\":[\"\"],\"columns[0].columnId\":[\"92\"],\"columns[0].sort\":[\"1\"],\"columns[0].columnComment\":[\"主键\"],\"columns[0].javaType\":[\"Long\"],\"columns[0].javaField\":[\"econId\"],\"columns[0].isInsert\":[\"1\"],\"columns[0].queryType\":[\"EQ\"],\"columns[0].htmlType\":[\"input\"],\"columns[0].dictType\":[\"\"],\"columns[1].columnId\":[\"93\"],\"columns[1].sort\":[\"2\"],\"columns[1].columnComment\":[\"名称\"],\"columns[1].javaType\":[\"String\"],\"columns[1].javaField\":[\"econName\"],\"columns[1].isInsert\":[\"1\"],\"columns[1].isEdit\":[\"1\"],\"columns[1].isList\":[\"1\"],\"columns[1].isQuery\":[\"1\"],\"columns[1].queryType\":[\"LIKE\"],\"columns[1].isRequired\":[\"1\"],\"columns[1].htmlType\":[\"input\"],\"columns[1].dictType\":[\"\"],\"columns[2].columnId\":[\"94\"],\"columns[2].sort\":[\"3\"],\"columns[2].columnComment\":[\"单据号\"],\"columns[2].javaType\":[\"String\"],\"columns[2].javaField\":[\"docNum\"],\"columns[2].isInsert\":[\"1\"],\"columns[2].isEdit\":[\"1\"],\"columns[2].isList\":[\"1\"],\"columns[2].isQuery\":[\"1\"],\"columns[2].queryType\":[\"EQ\"],\"columns[2].isRequired\":[\"1\"],\"columns[2].htmlType\":[\"input\"],\"columns[2].dictType\":[\"\"],\"columns[3].columnId\":[\"95\"],\"columns[3].sort\":[\"4\"],\"columns[3].columnComment\":[\"资料状态 0有效 1无效\"],\"columns[3].javaType\":[\"String\"],\"columns[3].javaField\":[\"status\"],\"columns[3].isInsert\":[\"1\"],\"columns[3].isEdit\":[\"1\"],\"columns[3].isList\":[\"1\"],\"columns[3].isQuery\":[\"1\"],\"columns[3].queryType\":[\"EQ\"],\"columns[3].isRequired\":[\"1\"],\"columns[3].htmlType\":[\"radio\"],\"columns[3].dictType\":[\"\"],\"columns[4].columnId\":[\"96\"],\"columns[4].sort\":[\"5\"],\"columns[4].columnComment\":[\"备注\"],\"columns[4].javaType\":[\"String\"],\"columns[4].javaField\":[\"remark\"],\"columns[4].isInsert\":[\"1\"],\"columns[4].isEdit\":[\"1\"],\"columns[4].isList\":[\"1\"],\"columns[4].queryType\":[\"EQ\"],\"columns[4].htmlType\":[\"textarea\"],\"columns[4].dictType\":[\"\"],\"columns[5].columnId\":[\"97\"],\"columns[5].sort\":[\"6\"],\"columns[5].columnComment\":[\"删除标志 删除标志（0代表存在 2代表删除）\"],\"co', 'null', '1', '', '2020-12-09 09:09:59');
INSERT INTO `sys_oper_log` VALUES ('172', '代码生成', '2', 'com.ruoyi.generator.controller.GenController.editSave()', 'POST', '1', 'admin', '研发部门', '/tool/gen/edit', '127.0.0.1', '内网IP', '{\"tableId\":[\"20\"],\"tableName\":[\"platf_econ_type\"],\"tableComment\":[\"经济类型\"],\"className\":[\"EconType\"],\"functionAuthor\":[\"dalin\"],\"remark\":[\"\"],\"columns[0].columnId\":[\"92\"],\"columns[0].sort\":[\"1\"],\"columns[0].columnComment\":[\"主键\"],\"columns[0].javaType\":[\"Long\"],\"columns[0].javaField\":[\"econId\"],\"columns[0].isInsert\":[\"1\"],\"columns[0].queryType\":[\"EQ\"],\"columns[0].htmlType\":[\"input\"],\"columns[0].dictType\":[\"\"],\"columns[1].columnId\":[\"93\"],\"columns[1].sort\":[\"2\"],\"columns[1].columnComment\":[\"名称\"],\"columns[1].javaType\":[\"String\"],\"columns[1].javaField\":[\"econName\"],\"columns[1].isInsert\":[\"1\"],\"columns[1].isEdit\":[\"1\"],\"columns[1].isList\":[\"1\"],\"columns[1].isQuery\":[\"1\"],\"columns[1].queryType\":[\"LIKE\"],\"columns[1].isRequired\":[\"1\"],\"columns[1].htmlType\":[\"input\"],\"columns[1].dictType\":[\"\"],\"columns[2].columnId\":[\"94\"],\"columns[2].sort\":[\"3\"],\"columns[2].columnComment\":[\"单据号\"],\"columns[2].javaType\":[\"String\"],\"columns[2].javaField\":[\"docNum\"],\"columns[2].isInsert\":[\"1\"],\"columns[2].isEdit\":[\"1\"],\"columns[2].isList\":[\"1\"],\"columns[2].isQuery\":[\"1\"],\"columns[2].queryType\":[\"EQ\"],\"columns[2].isRequired\":[\"1\"],\"columns[2].htmlType\":[\"input\"],\"columns[2].dictType\":[\"\"],\"columns[3].columnId\":[\"95\"],\"columns[3].sort\":[\"4\"],\"columns[3].columnComment\":[\"资料状态 0有效 1无效\"],\"columns[3].javaType\":[\"String\"],\"columns[3].javaField\":[\"status\"],\"columns[3].isInsert\":[\"1\"],\"columns[3].isEdit\":[\"1\"],\"columns[3].isList\":[\"1\"],\"columns[3].isQuery\":[\"1\"],\"columns[3].queryType\":[\"EQ\"],\"columns[3].isRequired\":[\"1\"],\"columns[3].htmlType\":[\"radio\"],\"columns[3].dictType\":[\"\"],\"columns[4].columnId\":[\"96\"],\"columns[4].sort\":[\"5\"],\"columns[4].columnComment\":[\"备注\"],\"columns[4].javaType\":[\"String\"],\"columns[4].javaField\":[\"remark\"],\"columns[4].isInsert\":[\"1\"],\"columns[4].isEdit\":[\"1\"],\"columns[4].isList\":[\"1\"],\"columns[4].queryType\":[\"EQ\"],\"columns[4].htmlType\":[\"textarea\"],\"columns[4].dictType\":[\"\"],\"columns[5].columnId\":[\"97\"],\"columns[5].sort\":[\"6\"],\"columns[5].columnComment\":[\"删除标志 删除标志（0代表存在 2代表删除）\"],\"co', 'null', '1', '', '2020-12-09 09:10:57');
INSERT INTO `sys_oper_log` VALUES ('173', '代码生成', '2', 'com.ruoyi.generator.controller.GenController.editSave()', 'POST', '1', 'admin', '研发部门', '/tool/gen/edit', '127.0.0.1', '内网IP', '{\"tableId\":[\"20\"],\"tableName\":[\"platf_econ_type\"],\"tableComment\":[\"经济类型\"],\"className\":[\"EconType\"],\"functionAuthor\":[\"dalin\"],\"remark\":[\"\"],\"columns[0].columnId\":[\"92\"],\"columns[0].sort\":[\"1\"],\"columns[0].columnComment\":[\"主键\"],\"columns[0].javaType\":[\"Long\"],\"columns[0].javaField\":[\"econId\"],\"columns[0].isInsert\":[\"1\"],\"columns[0].queryType\":[\"EQ\"],\"columns[0].htmlType\":[\"input\"],\"columns[0].dictType\":[\"\"],\"columns[1].columnId\":[\"93\"],\"columns[1].sort\":[\"2\"],\"columns[1].columnComment\":[\"名称\"],\"columns[1].javaType\":[\"String\"],\"columns[1].javaField\":[\"econName\"],\"columns[1].isInsert\":[\"1\"],\"columns[1].isEdit\":[\"1\"],\"columns[1].isList\":[\"1\"],\"columns[1].isQuery\":[\"1\"],\"columns[1].queryType\":[\"LIKE\"],\"columns[1].isRequired\":[\"1\"],\"columns[1].htmlType\":[\"input\"],\"columns[1].dictType\":[\"\"],\"columns[2].columnId\":[\"94\"],\"columns[2].sort\":[\"3\"],\"columns[2].columnComment\":[\"单据号\"],\"columns[2].javaType\":[\"String\"],\"columns[2].javaField\":[\"docNum\"],\"columns[2].isInsert\":[\"1\"],\"columns[2].isEdit\":[\"1\"],\"columns[2].isList\":[\"1\"],\"columns[2].isQuery\":[\"1\"],\"columns[2].queryType\":[\"EQ\"],\"columns[2].isRequired\":[\"1\"],\"columns[2].htmlType\":[\"input\"],\"columns[2].dictType\":[\"\"],\"columns[3].columnId\":[\"95\"],\"columns[3].sort\":[\"4\"],\"columns[3].columnComment\":[\"资料状态 0有效 1无效\"],\"columns[3].javaType\":[\"String\"],\"columns[3].javaField\":[\"status\"],\"columns[3].isInsert\":[\"1\"],\"columns[3].isEdit\":[\"1\"],\"columns[3].isList\":[\"1\"],\"columns[3].isQuery\":[\"1\"],\"columns[3].queryType\":[\"EQ\"],\"columns[3].isRequired\":[\"1\"],\"columns[3].htmlType\":[\"radio\"],\"columns[3].dictType\":[\"\"],\"columns[4].columnId\":[\"96\"],\"columns[4].sort\":[\"5\"],\"columns[4].columnComment\":[\"备注\"],\"columns[4].javaType\":[\"String\"],\"columns[4].javaField\":[\"remark\"],\"columns[4].isInsert\":[\"1\"],\"columns[4].isEdit\":[\"1\"],\"columns[4].isList\":[\"1\"],\"columns[4].queryType\":[\"EQ\"],\"columns[4].htmlType\":[\"textarea\"],\"columns[4].dictType\":[\"\"],\"columns[5].columnId\":[\"97\"],\"columns[5].sort\":[\"6\"],\"columns[5].columnComment\":[\"删除标志 删除标志（0代表存在 2代表删除）\"],\"co', 'null', '1', '', '2020-12-09 09:11:48');
INSERT INTO `sys_oper_log` VALUES ('174', '代码生成', '2', 'com.ruoyi.generator.controller.GenController.editSave()', 'POST', '1', 'admin', '研发部门', '/tool/gen/edit', '127.0.0.1', '内网IP', '{\"tableId\":[\"20\"],\"tableName\":[\"platf_econ_type\"],\"tableComment\":[\"经济类型\"],\"className\":[\"EconType\"],\"functionAuthor\":[\"dalin\"],\"remark\":[\"\"],\"columns[0].columnId\":[\"92\"],\"columns[0].sort\":[\"1\"],\"columns[0].columnComment\":[\"主键\"],\"columns[0].javaType\":[\"Long\"],\"columns[0].javaField\":[\"econId\"],\"columns[0].isInsert\":[\"1\"],\"columns[0].queryType\":[\"EQ\"],\"columns[0].htmlType\":[\"input\"],\"columns[0].dictType\":[\"\"],\"columns[1].columnId\":[\"93\"],\"columns[1].sort\":[\"2\"],\"columns[1].columnComment\":[\"名称\"],\"columns[1].javaType\":[\"String\"],\"columns[1].javaField\":[\"econName\"],\"columns[1].isInsert\":[\"1\"],\"columns[1].isEdit\":[\"1\"],\"columns[1].isList\":[\"1\"],\"columns[1].isQuery\":[\"1\"],\"columns[1].queryType\":[\"LIKE\"],\"columns[1].isRequired\":[\"1\"],\"columns[1].htmlType\":[\"input\"],\"columns[1].dictType\":[\"\"],\"columns[2].columnId\":[\"94\"],\"columns[2].sort\":[\"3\"],\"columns[2].columnComment\":[\"单据号\"],\"columns[2].javaType\":[\"String\"],\"columns[2].javaField\":[\"docNum\"],\"columns[2].isInsert\":[\"1\"],\"columns[2].isEdit\":[\"1\"],\"columns[2].isList\":[\"1\"],\"columns[2].isQuery\":[\"1\"],\"columns[2].queryType\":[\"EQ\"],\"columns[2].isRequired\":[\"1\"],\"columns[2].htmlType\":[\"input\"],\"columns[2].dictType\":[\"\"],\"columns[3].columnId\":[\"95\"],\"columns[3].sort\":[\"4\"],\"columns[3].columnComment\":[\"资料状态 0有效 1无效\"],\"columns[3].javaType\":[\"String\"],\"columns[3].javaField\":[\"status\"],\"columns[3].isInsert\":[\"1\"],\"columns[3].isEdit\":[\"1\"],\"columns[3].isList\":[\"1\"],\"columns[3].isQuery\":[\"1\"],\"columns[3].queryType\":[\"EQ\"],\"columns[3].isRequired\":[\"1\"],\"columns[3].htmlType\":[\"radio\"],\"columns[3].dictType\":[\"\"],\"columns[4].columnId\":[\"96\"],\"columns[4].sort\":[\"5\"],\"columns[4].columnComment\":[\"备注\"],\"columns[4].javaType\":[\"String\"],\"columns[4].javaField\":[\"remark\"],\"columns[4].isInsert\":[\"1\"],\"columns[4].isEdit\":[\"1\"],\"columns[4].isList\":[\"1\"],\"columns[4].queryType\":[\"EQ\"],\"columns[4].htmlType\":[\"textarea\"],\"columns[4].dictType\":[\"\"],\"columns[5].columnId\":[\"97\"],\"columns[5].sort\":[\"6\"],\"columns[5].columnComment\":[\"删除标志 删除标志（0代表存在 2代表删除）\"],\"co', 'null', '1', '', '2020-12-09 09:13:42');
INSERT INTO `sys_oper_log` VALUES ('175', '代码生成', '2', 'com.ruoyi.generator.controller.GenController.editSave()', 'POST', '1', 'admin', '研发部门', '/tool/gen/edit', '127.0.0.1', '内网IP', '{\"tableId\":[\"20\"],\"tableName\":[\"platf_econ_type\"],\"tableComment\":[\"经济类型\"],\"className\":[\"EconType\"],\"functionAuthor\":[\"dalin\"],\"remark\":[\"\"],\"columns[0].columnId\":[\"92\"],\"columns[0].sort\":[\"1\"],\"columns[0].columnComment\":[\"主键\"],\"columns[0].javaType\":[\"Long\"],\"columns[0].javaField\":[\"econId\"],\"columns[0].isInsert\":[\"1\"],\"columns[0].queryType\":[\"EQ\"],\"columns[0].htmlType\":[\"input\"],\"columns[0].dictType\":[\"\"],\"columns[1].columnId\":[\"93\"],\"columns[1].sort\":[\"2\"],\"columns[1].columnComment\":[\"名称\"],\"columns[1].javaType\":[\"String\"],\"columns[1].javaField\":[\"econName\"],\"columns[1].isInsert\":[\"1\"],\"columns[1].isEdit\":[\"1\"],\"columns[1].isList\":[\"1\"],\"columns[1].isQuery\":[\"1\"],\"columns[1].queryType\":[\"LIKE\"],\"columns[1].isRequired\":[\"1\"],\"columns[1].htmlType\":[\"input\"],\"columns[1].dictType\":[\"\"],\"columns[2].columnId\":[\"94\"],\"columns[2].sort\":[\"3\"],\"columns[2].columnComment\":[\"单据号\"],\"columns[2].javaType\":[\"String\"],\"columns[2].javaField\":[\"docNum\"],\"columns[2].isInsert\":[\"1\"],\"columns[2].isEdit\":[\"1\"],\"columns[2].isList\":[\"1\"],\"columns[2].isQuery\":[\"1\"],\"columns[2].queryType\":[\"EQ\"],\"columns[2].isRequired\":[\"1\"],\"columns[2].htmlType\":[\"input\"],\"columns[2].dictType\":[\"\"],\"columns[3].columnId\":[\"95\"],\"columns[3].sort\":[\"4\"],\"columns[3].columnComment\":[\"资料状态 0有效 1无效\"],\"columns[3].javaType\":[\"String\"],\"columns[3].javaField\":[\"status\"],\"columns[3].isInsert\":[\"1\"],\"columns[3].isEdit\":[\"1\"],\"columns[3].isList\":[\"1\"],\"columns[3].isQuery\":[\"1\"],\"columns[3].queryType\":[\"EQ\"],\"columns[3].isRequired\":[\"1\"],\"columns[3].htmlType\":[\"radio\"],\"columns[3].dictType\":[\"\"],\"columns[4].columnId\":[\"96\"],\"columns[4].sort\":[\"5\"],\"columns[4].columnComment\":[\"备注\"],\"columns[4].javaType\":[\"String\"],\"columns[4].javaField\":[\"remark\"],\"columns[4].isInsert\":[\"1\"],\"columns[4].isEdit\":[\"1\"],\"columns[4].isList\":[\"1\"],\"columns[4].queryType\":[\"EQ\"],\"columns[4].htmlType\":[\"textarea\"],\"columns[4].dictType\":[\"\"],\"columns[5].columnId\":[\"97\"],\"columns[5].sort\":[\"6\"],\"columns[5].columnComment\":[\"删除标志 删除标志（0代表存在 2代表删除）\"],\"co', 'null', '1', '', '2020-12-09 09:14:18');
INSERT INTO `sys_oper_log` VALUES ('176', '代码生成', '2', 'com.ruoyi.generator.controller.GenController.editSave()', 'POST', '1', 'admin', '研发部门', '/tool/gen/edit', '127.0.0.1', '内网IP', '{\"tableId\":[\"20\"],\"tableName\":[\"platf_econ_type\"],\"tableComment\":[\"经济类型\"],\"className\":[\"EconType\"],\"functionAuthor\":[\"dalin\"],\"remark\":[\"\"],\"columns[0].columnId\":[\"92\"],\"columns[0].sort\":[\"1\"],\"columns[0].columnComment\":[\"主键\"],\"columns[0].javaType\":[\"Long\"],\"columns[0].javaField\":[\"econId\"],\"columns[0].isInsert\":[\"1\"],\"columns[0].queryType\":[\"EQ\"],\"columns[0].htmlType\":[\"input\"],\"columns[0].dictType\":[\"\"],\"columns[1].columnId\":[\"93\"],\"columns[1].sort\":[\"2\"],\"columns[1].columnComment\":[\"名称\"],\"columns[1].javaType\":[\"String\"],\"columns[1].javaField\":[\"econName\"],\"columns[1].isInsert\":[\"1\"],\"columns[1].isEdit\":[\"1\"],\"columns[1].isList\":[\"1\"],\"columns[1].isQuery\":[\"1\"],\"columns[1].queryType\":[\"LIKE\"],\"columns[1].isRequired\":[\"1\"],\"columns[1].htmlType\":[\"input\"],\"columns[1].dictType\":[\"\"],\"columns[2].columnId\":[\"94\"],\"columns[2].sort\":[\"3\"],\"columns[2].columnComment\":[\"单据号\"],\"columns[2].javaType\":[\"String\"],\"columns[2].javaField\":[\"docNum\"],\"columns[2].isInsert\":[\"1\"],\"columns[2].isEdit\":[\"1\"],\"columns[2].isList\":[\"1\"],\"columns[2].isQuery\":[\"1\"],\"columns[2].queryType\":[\"EQ\"],\"columns[2].isRequired\":[\"1\"],\"columns[2].htmlType\":[\"input\"],\"columns[2].dictType\":[\"\"],\"columns[3].columnId\":[\"95\"],\"columns[3].sort\":[\"4\"],\"columns[3].columnComment\":[\"资料状态 0有效 1无效\"],\"columns[3].javaType\":[\"String\"],\"columns[3].javaField\":[\"status\"],\"columns[3].isInsert\":[\"1\"],\"columns[3].isEdit\":[\"1\"],\"columns[3].isList\":[\"1\"],\"columns[3].isQuery\":[\"1\"],\"columns[3].queryType\":[\"EQ\"],\"columns[3].isRequired\":[\"1\"],\"columns[3].htmlType\":[\"radio\"],\"columns[3].dictType\":[\"\"],\"columns[4].columnId\":[\"96\"],\"columns[4].sort\":[\"5\"],\"columns[4].columnComment\":[\"备注\"],\"columns[4].javaType\":[\"String\"],\"columns[4].javaField\":[\"remark\"],\"columns[4].isInsert\":[\"1\"],\"columns[4].isEdit\":[\"1\"],\"columns[4].isList\":[\"1\"],\"columns[4].queryType\":[\"EQ\"],\"columns[4].htmlType\":[\"textarea\"],\"columns[4].dictType\":[\"\"],\"columns[5].columnId\":[\"97\"],\"columns[5].sort\":[\"6\"],\"columns[5].columnComment\":[\"删除标志 删除标志（0代表存在 2代表删除）\"],\"co', '{\r\n  \"msg\" : \"操作成功\",\r\n  \"code\" : 0\r\n}', '0', null, '2020-12-09 09:24:10');
INSERT INTO `sys_oper_log` VALUES ('177', '代码生成', '2', 'com.ruoyi.generator.controller.GenController.editSave()', 'POST', '1', 'admin', '研发部门', '/tool/gen/edit', '127.0.0.1', '内网IP', '{\"tableId\":[\"20\"],\"tableName\":[\"platf_econ_type\"],\"tableComment\":[\"经济类型\"],\"className\":[\"EconType\"],\"functionAuthor\":[\"dalin\"],\"remark\":[\"\"],\"columns[0].columnId\":[\"92\"],\"columns[0].sort\":[\"1\"],\"columns[0].columnComment\":[\"主键\"],\"columns[0].javaType\":[\"Long\"],\"columns[0].javaField\":[\"econId\"],\"columns[0].isInsert\":[\"1\"],\"columns[0].queryType\":[\"EQ\"],\"columns[0].htmlType\":[\"input\"],\"columns[0].dictType\":[\"\"],\"columns[1].columnId\":[\"93\"],\"columns[1].sort\":[\"2\"],\"columns[1].columnComment\":[\"名称\"],\"columns[1].javaType\":[\"String\"],\"columns[1].javaField\":[\"econName\"],\"columns[1].isInsert\":[\"1\"],\"columns[1].isEdit\":[\"1\"],\"columns[1].isList\":[\"1\"],\"columns[1].isQuery\":[\"1\"],\"columns[1].queryType\":[\"LIKE\"],\"columns[1].isRequired\":[\"1\"],\"columns[1].htmlType\":[\"input\"],\"columns[1].dictType\":[\"\"],\"columns[2].columnId\":[\"94\"],\"columns[2].sort\":[\"3\"],\"columns[2].columnComment\":[\"单据号\"],\"columns[2].javaType\":[\"String\"],\"columns[2].javaField\":[\"docNum\"],\"columns[2].isInsert\":[\"1\"],\"columns[2].isEdit\":[\"1\"],\"columns[2].isList\":[\"1\"],\"columns[2].isQuery\":[\"1\"],\"columns[2].queryType\":[\"EQ\"],\"columns[2].isRequired\":[\"1\"],\"columns[2].htmlType\":[\"input\"],\"columns[2].dictType\":[\"\"],\"columns[3].columnId\":[\"95\"],\"columns[3].sort\":[\"4\"],\"columns[3].columnComment\":[\"资料状态 0有效 1无效\"],\"columns[3].javaType\":[\"String\"],\"columns[3].javaField\":[\"status\"],\"columns[3].isInsert\":[\"1\"],\"columns[3].isEdit\":[\"1\"],\"columns[3].isList\":[\"1\"],\"columns[3].isQuery\":[\"1\"],\"columns[3].queryType\":[\"EQ\"],\"columns[3].isRequired\":[\"1\"],\"columns[3].htmlType\":[\"radio\"],\"columns[3].dictType\":[\"\"],\"columns[4].columnId\":[\"96\"],\"columns[4].sort\":[\"5\"],\"columns[4].columnComment\":[\"备注\"],\"columns[4].javaType\":[\"String\"],\"columns[4].javaField\":[\"remark\"],\"columns[4].isInsert\":[\"1\"],\"columns[4].isEdit\":[\"1\"],\"columns[4].isList\":[\"1\"],\"columns[4].queryType\":[\"EQ\"],\"columns[4].htmlType\":[\"textarea\"],\"columns[4].dictType\":[\"\"],\"columns[5].columnId\":[\"97\"],\"columns[5].sort\":[\"6\"],\"columns[5].columnComment\":[\"删除标志 删除标志（0代表存在 2代表删除）\"],\"co', '{\r\n  \"msg\" : \"操作成功\",\r\n  \"code\" : 0\r\n}', '0', null, '2020-12-09 09:25:44');
INSERT INTO `sys_oper_log` VALUES ('178', '代码生成', '2', 'com.ruoyi.generator.controller.GenController.editSave()', 'POST', '1', 'admin', '研发部门', '/tool/gen/edit', '127.0.0.1', '内网IP', '{\"tableId\":[\"20\"],\"tableName\":[\"platf_econ_type\"],\"tableComment\":[\"经济类型\"],\"className\":[\"EconType\"],\"functionAuthor\":[\"dalin\"],\"remark\":[\"\"],\"columns[0].columnId\":[\"92\"],\"columns[0].sort\":[\"1\"],\"columns[0].columnComment\":[\"主键\"],\"columns[0].javaType\":[\"Long\"],\"columns[0].javaField\":[\"econId\"],\"columns[0].isInsert\":[\"1\"],\"columns[0].queryType\":[\"EQ\"],\"columns[0].htmlType\":[\"input\"],\"columns[0].dictType\":[\"\"],\"columns[1].columnId\":[\"93\"],\"columns[1].sort\":[\"2\"],\"columns[1].columnComment\":[\"名称\"],\"columns[1].javaType\":[\"String\"],\"columns[1].javaField\":[\"econName\"],\"columns[1].isInsert\":[\"1\"],\"columns[1].isEdit\":[\"1\"],\"columns[1].isList\":[\"1\"],\"columns[1].isQuery\":[\"1\"],\"columns[1].queryType\":[\"LIKE\"],\"columns[1].isRequired\":[\"1\"],\"columns[1].htmlType\":[\"input\"],\"columns[1].dictType\":[\"\"],\"columns[2].columnId\":[\"94\"],\"columns[2].sort\":[\"3\"],\"columns[2].columnComment\":[\"单据号\"],\"columns[2].javaType\":[\"String\"],\"columns[2].javaField\":[\"docNum\"],\"columns[2].isInsert\":[\"1\"],\"columns[2].isEdit\":[\"1\"],\"columns[2].isList\":[\"1\"],\"columns[2].queryType\":[\"EQ\"],\"columns[2].isRequired\":[\"1\"],\"columns[2].htmlType\":[\"input\"],\"columns[2].dictType\":[\"\"],\"columns[3].columnId\":[\"95\"],\"columns[3].sort\":[\"4\"],\"columns[3].columnComment\":[\"资料状态\"],\"columns[3].javaType\":[\"String\"],\"columns[3].javaField\":[\"status\"],\"columns[3].isInsert\":[\"1\"],\"columns[3].isEdit\":[\"1\"],\"columns[3].isList\":[\"1\"],\"columns[3].isQuery\":[\"1\"],\"columns[3].queryType\":[\"EQ\"],\"columns[3].isRequired\":[\"1\"],\"columns[3].htmlType\":[\"radio\"],\"columns[3].dictType\":[\"\"],\"columns[4].columnId\":[\"96\"],\"columns[4].sort\":[\"5\"],\"columns[4].columnComment\":[\"备注\"],\"columns[4].javaType\":[\"String\"],\"columns[4].javaField\":[\"remark\"],\"columns[4].isInsert\":[\"1\"],\"columns[4].isEdit\":[\"1\"],\"columns[4].isList\":[\"1\"],\"columns[4].queryType\":[\"EQ\"],\"columns[4].htmlType\":[\"textarea\"],\"columns[4].dictType\":[\"\"],\"columns[5].columnId\":[\"97\"],\"columns[5].sort\":[\"6\"],\"columns[5].columnComment\":[\"删除标志 删除标志\"],\"columns[5].javaType\":[\"String\"],\"columns[5].javaFi', '{\r\n  \"msg\" : \"操作成功\",\r\n  \"code\" : 0\r\n}', '0', null, '2020-12-09 09:26:58');
INSERT INTO `sys_oper_log` VALUES ('179', '代码生成', '8', 'com.ruoyi.generator.controller.GenController.download()', 'GET', '1', 'admin', '研发部门', '/tool/gen/download/platf_econ_type', '127.0.0.1', '内网IP', null, 'null', '0', null, '2020-12-09 09:27:05');
INSERT INTO `sys_oper_log` VALUES ('180', '代码生成', '2', 'com.ruoyi.generator.controller.GenController.editSave()', 'POST', '1', 'admin', '研发部门', '/tool/gen/edit', '127.0.0.1', '内网IP', '{\"tableId\":[\"20\"],\"tableName\":[\"platf_econ_type\"],\"tableComment\":[\"经济类型\"],\"className\":[\"EconType\"],\"functionAuthor\":[\"dalin\"],\"remark\":[\"\"],\"columns[0].columnId\":[\"92\"],\"columns[0].sort\":[\"1\"],\"columns[0].columnComment\":[\"主键\"],\"columns[0].javaType\":[\"Long\"],\"columns[0].javaField\":[\"econId\"],\"columns[0].isInsert\":[\"1\"],\"columns[0].queryType\":[\"EQ\"],\"columns[0].htmlType\":[\"input\"],\"columns[0].dictType\":[\"\"],\"columns[1].columnId\":[\"93\"],\"columns[1].sort\":[\"2\"],\"columns[1].columnComment\":[\"名称\"],\"columns[1].javaType\":[\"String\"],\"columns[1].javaField\":[\"econName\"],\"columns[1].isInsert\":[\"1\"],\"columns[1].isEdit\":[\"1\"],\"columns[1].isList\":[\"1\"],\"columns[1].isQuery\":[\"1\"],\"columns[1].queryType\":[\"LIKE\"],\"columns[1].isRequired\":[\"1\"],\"columns[1].htmlType\":[\"input\"],\"columns[1].dictType\":[\"\"],\"columns[2].columnId\":[\"94\"],\"columns[2].sort\":[\"3\"],\"columns[2].columnComment\":[\"单据号\"],\"columns[2].javaType\":[\"String\"],\"columns[2].javaField\":[\"docNum\"],\"columns[2].isInsert\":[\"1\"],\"columns[2].isEdit\":[\"1\"],\"columns[2].isList\":[\"1\"],\"columns[2].queryType\":[\"EQ\"],\"columns[2].isRequired\":[\"1\"],\"columns[2].htmlType\":[\"input\"],\"columns[2].dictType\":[\"\"],\"columns[3].columnId\":[\"95\"],\"columns[3].sort\":[\"4\"],\"columns[3].columnComment\":[\"资料状态\"],\"columns[3].javaType\":[\"String\"],\"columns[3].javaField\":[\"status\"],\"columns[3].isInsert\":[\"1\"],\"columns[3].isEdit\":[\"1\"],\"columns[3].isList\":[\"1\"],\"columns[3].isQuery\":[\"1\"],\"columns[3].queryType\":[\"EQ\"],\"columns[3].isRequired\":[\"1\"],\"columns[3].htmlType\":[\"radio\"],\"columns[3].dictType\":[\"platf_doc_statu\"],\"columns[4].columnId\":[\"96\"],\"columns[4].sort\":[\"5\"],\"columns[4].columnComment\":[\"备注\"],\"columns[4].javaType\":[\"String\"],\"columns[4].javaField\":[\"remark\"],\"columns[4].isInsert\":[\"1\"],\"columns[4].isEdit\":[\"1\"],\"columns[4].isList\":[\"1\"],\"columns[4].queryType\":[\"EQ\"],\"columns[4].htmlType\":[\"textarea\"],\"columns[4].dictType\":[\"\"],\"columns[5].columnId\":[\"97\"],\"columns[5].sort\":[\"6\"],\"columns[5].columnComment\":[\"删除标志 删除标志\"],\"columns[5].javaType\":[\"String\"],\"co', '{\r\n  \"msg\" : \"操作成功\",\r\n  \"code\" : 0\r\n}', '0', null, '2020-12-09 09:33:57');
INSERT INTO `sys_oper_log` VALUES ('181', '代码生成', '2', 'com.ruoyi.generator.controller.GenController.editSave()', 'POST', '1', 'admin', '研发部门', '/tool/gen/edit', '127.0.0.1', '内网IP', '{\"tableId\":[\"20\"],\"tableName\":[\"platf_econ_type\"],\"tableComment\":[\"经济类型\"],\"className\":[\"EconType\"],\"functionAuthor\":[\"dalin\"],\"remark\":[\"\"],\"columns[0].columnId\":[\"92\"],\"columns[0].sort\":[\"1\"],\"columns[0].columnComment\":[\"主键\"],\"columns[0].javaType\":[\"Long\"],\"columns[0].javaField\":[\"econId\"],\"columns[0].isInsert\":[\"1\"],\"columns[0].queryType\":[\"EQ\"],\"columns[0].htmlType\":[\"input\"],\"columns[0].dictType\":[\"\"],\"columns[1].columnId\":[\"93\"],\"columns[1].sort\":[\"2\"],\"columns[1].columnComment\":[\"名称\"],\"columns[1].javaType\":[\"String\"],\"columns[1].javaField\":[\"econName\"],\"columns[1].isInsert\":[\"1\"],\"columns[1].isEdit\":[\"1\"],\"columns[1].isList\":[\"1\"],\"columns[1].isQuery\":[\"1\"],\"columns[1].queryType\":[\"LIKE\"],\"columns[1].isRequired\":[\"1\"],\"columns[1].htmlType\":[\"input\"],\"columns[1].dictType\":[\"\"],\"columns[2].columnId\":[\"94\"],\"columns[2].sort\":[\"3\"],\"columns[2].columnComment\":[\"单据号\"],\"columns[2].javaType\":[\"String\"],\"columns[2].javaField\":[\"docNum\"],\"columns[2].isInsert\":[\"1\"],\"columns[2].isEdit\":[\"1\"],\"columns[2].isList\":[\"1\"],\"columns[2].queryType\":[\"EQ\"],\"columns[2].isRequired\":[\"1\"],\"columns[2].htmlType\":[\"input\"],\"columns[2].dictType\":[\"\"],\"columns[3].columnId\":[\"95\"],\"columns[3].sort\":[\"4\"],\"columns[3].columnComment\":[\"资料状态\"],\"columns[3].javaType\":[\"String\"],\"columns[3].javaField\":[\"status\"],\"columns[3].isInsert\":[\"1\"],\"columns[3].isEdit\":[\"1\"],\"columns[3].isList\":[\"1\"],\"columns[3].isQuery\":[\"1\"],\"columns[3].queryType\":[\"EQ\"],\"columns[3].isRequired\":[\"1\"],\"columns[3].htmlType\":[\"radio\"],\"columns[3].dictType\":[\"platf_doc_statu\"],\"columns[4].columnId\":[\"96\"],\"columns[4].sort\":[\"5\"],\"columns[4].columnComment\":[\"备注\"],\"columns[4].javaType\":[\"String\"],\"columns[4].javaField\":[\"remark\"],\"columns[4].isInsert\":[\"1\"],\"columns[4].isEdit\":[\"1\"],\"columns[4].isList\":[\"1\"],\"columns[4].queryType\":[\"EQ\"],\"columns[4].htmlType\":[\"textarea\"],\"columns[4].dictType\":[\"\"],\"columns[5].columnId\":[\"97\"],\"columns[5].sort\":[\"6\"],\"columns[5].columnComment\":[\"删除标志 删除标志\"],\"columns[5].javaType\":[\"String\"],\"co', '{\r\n  \"msg\" : \"操作成功\",\r\n  \"code\" : 0\r\n}', '0', null, '2020-12-09 09:37:03');
INSERT INTO `sys_oper_log` VALUES ('182', '代码生成', '2', 'com.ruoyi.generator.controller.GenController.editSave()', 'POST', '1', 'admin', '研发部门', '/tool/gen/edit', '127.0.0.1', '内网IP', '{\"tableId\":[\"20\"],\"tableName\":[\"platf_econ_type\"],\"tableComment\":[\"经济类型\"],\"className\":[\"EconType\"],\"functionAuthor\":[\"dalin\"],\"remark\":[\"\"],\"columns[0].columnId\":[\"92\"],\"columns[0].sort\":[\"1\"],\"columns[0].columnComment\":[\"主键\"],\"columns[0].javaType\":[\"Long\"],\"columns[0].javaField\":[\"econId\"],\"columns[0].isInsert\":[\"1\"],\"columns[0].queryType\":[\"EQ\"],\"columns[0].htmlType\":[\"input\"],\"columns[0].dictType\":[\"\"],\"columns[1].columnId\":[\"93\"],\"columns[1].sort\":[\"2\"],\"columns[1].columnComment\":[\"名称\"],\"columns[1].javaType\":[\"String\"],\"columns[1].javaField\":[\"econName\"],\"columns[1].isInsert\":[\"1\"],\"columns[1].isEdit\":[\"1\"],\"columns[1].isList\":[\"1\"],\"columns[1].isQuery\":[\"1\"],\"columns[1].queryType\":[\"LIKE\"],\"columns[1].isRequired\":[\"1\"],\"columns[1].htmlType\":[\"input\"],\"columns[1].dictType\":[\"\"],\"columns[2].columnId\":[\"94\"],\"columns[2].sort\":[\"3\"],\"columns[2].columnComment\":[\"单据号\"],\"columns[2].javaType\":[\"String\"],\"columns[2].javaField\":[\"docNum\"],\"columns[2].isInsert\":[\"1\"],\"columns[2].isEdit\":[\"1\"],\"columns[2].isList\":[\"1\"],\"columns[2].queryType\":[\"EQ\"],\"columns[2].isRequired\":[\"1\"],\"columns[2].htmlType\":[\"input\"],\"columns[2].dictType\":[\"\"],\"columns[3].columnId\":[\"95\"],\"columns[3].sort\":[\"4\"],\"columns[3].columnComment\":[\"资料状态\"],\"columns[3].javaType\":[\"String\"],\"columns[3].javaField\":[\"status\"],\"columns[3].isInsert\":[\"1\"],\"columns[3].isEdit\":[\"1\"],\"columns[3].isList\":[\"1\"],\"columns[3].isQuery\":[\"1\"],\"columns[3].queryType\":[\"EQ\"],\"columns[3].isRequired\":[\"1\"],\"columns[3].htmlType\":[\"radio\"],\"columns[3].dictType\":[\"platf_doc_statu\"],\"columns[4].columnId\":[\"96\"],\"columns[4].sort\":[\"5\"],\"columns[4].columnComment\":[\"备注\"],\"columns[4].javaType\":[\"String\"],\"columns[4].javaField\":[\"remark\"],\"columns[4].isInsert\":[\"1\"],\"columns[4].isEdit\":[\"1\"],\"columns[4].isList\":[\"1\"],\"columns[4].queryType\":[\"EQ\"],\"columns[4].htmlType\":[\"textarea\"],\"columns[4].dictType\":[\"\"],\"columns[5].columnId\":[\"97\"],\"columns[5].sort\":[\"6\"],\"columns[5].columnComment\":[\"删除标志 删除标志\"],\"columns[5].javaType\":[\"String\"],\"co', '{\r\n  \"msg\" : \"操作成功\",\r\n  \"code\" : 0\r\n}', '0', null, '2020-12-09 09:42:38');
INSERT INTO `sys_oper_log` VALUES ('183', '代码生成', '8', 'com.ruoyi.generator.controller.GenController.download()', 'GET', '1', 'admin', '研发部门', '/tool/gen/download/platf_econ_type', '127.0.0.1', '内网IP', null, 'null', '0', null, '2020-12-09 09:47:32');
INSERT INTO `sys_oper_log` VALUES ('184', '代码生成', '8', 'com.ruoyi.generator.controller.GenController.download()', 'GET', '1', 'admin', '研发部门', '/tool/gen/download/platf_econ_type', '127.0.0.1', '内网IP', null, 'null', '0', null, '2020-12-09 09:50:58');
INSERT INTO `sys_oper_log` VALUES ('185', '代码生成', '8', 'com.ruoyi.generator.controller.GenController.download()', 'GET', '1', 'admin', '研发部门', '/tool/gen/download/platf_econ_type', '127.0.0.1', '内网IP', null, 'null', '0', null, '2020-12-09 10:10:00');
INSERT INTO `sys_oper_log` VALUES ('186', '代码生成', '8', 'com.ruoyi.generator.controller.GenController.download()', 'GET', '1', 'admin', '研发部门', '/tool/gen/download/platf_econ_type', '127.0.0.1', '内网IP', null, 'null', '0', null, '2020-12-09 10:17:49');
INSERT INTO `sys_oper_log` VALUES ('187', '代码生成', '2', 'com.ruoyi.generator.controller.GenController.editSave()', 'POST', '1', 'admin', '研发部门', '/tool/gen/edit', '127.0.0.1', '内网IP', '{\"tableId\":[\"20\"],\"tableName\":[\"platf_econ_type\"],\"tableComment\":[\"经济类型\"],\"className\":[\"EconType\"],\"functionAuthor\":[\"dalin\"],\"remark\":[\"\"],\"columns[0].columnId\":[\"92\"],\"columns[0].sort\":[\"1\"],\"columns[0].columnComment\":[\"主键\"],\"columns[0].javaType\":[\"Long\"],\"columns[0].javaField\":[\"econId\"],\"columns[0].isInsert\":[\"1\"],\"columns[0].queryType\":[\"EQ\"],\"columns[0].htmlType\":[\"input\"],\"columns[0].dictType\":[\"\"],\"columns[1].columnId\":[\"93\"],\"columns[1].sort\":[\"2\"],\"columns[1].columnComment\":[\"名称\"],\"columns[1].javaType\":[\"String\"],\"columns[1].javaField\":[\"econName\"],\"columns[1].isInsert\":[\"1\"],\"columns[1].isEdit\":[\"1\"],\"columns[1].isList\":[\"1\"],\"columns[1].isQuery\":[\"1\"],\"columns[1].queryType\":[\"LIKE\"],\"columns[1].isRequired\":[\"1\"],\"columns[1].htmlType\":[\"input\"],\"columns[1].dictType\":[\"\"],\"columns[2].columnId\":[\"94\"],\"columns[2].sort\":[\"3\"],\"columns[2].columnComment\":[\"单据号\"],\"columns[2].javaType\":[\"String\"],\"columns[2].javaField\":[\"docNum\"],\"columns[2].isInsert\":[\"1\"],\"columns[2].isEdit\":[\"1\"],\"columns[2].isList\":[\"1\"],\"columns[2].queryType\":[\"EQ\"],\"columns[2].isRequired\":[\"1\"],\"columns[2].htmlType\":[\"input\"],\"columns[2].dictType\":[\"\"],\"columns[3].columnId\":[\"95\"],\"columns[3].sort\":[\"4\"],\"columns[3].columnComment\":[\"资料状态\"],\"columns[3].javaType\":[\"String\"],\"columns[3].javaField\":[\"status\"],\"columns[3].isInsert\":[\"1\"],\"columns[3].isEdit\":[\"1\"],\"columns[3].isList\":[\"1\"],\"columns[3].isQuery\":[\"1\"],\"columns[3].queryType\":[\"EQ\"],\"columns[3].isRequired\":[\"1\"],\"columns[3].htmlType\":[\"radio\"],\"columns[3].dictType\":[\"platf_doc_statu\"],\"columns[4].columnId\":[\"96\"],\"columns[4].sort\":[\"5\"],\"columns[4].columnComment\":[\"备注\"],\"columns[4].javaType\":[\"String\"],\"columns[4].javaField\":[\"remark\"],\"columns[4].isInsert\":[\"1\"],\"columns[4].isEdit\":[\"1\"],\"columns[4].isList\":[\"1\"],\"columns[4].queryType\":[\"EQ\"],\"columns[4].htmlType\":[\"textarea\"],\"columns[4].dictType\":[\"\"],\"columns[5].columnId\":[\"97\"],\"columns[5].sort\":[\"6\"],\"columns[5].columnComment\":[\"删除标志 删除标志\"],\"columns[5].javaType\":[\"String\"],\"co', '{\r\n  \"msg\" : \"操作成功\",\r\n  \"code\" : 0\r\n}', '0', null, '2020-12-09 10:33:38');
INSERT INTO `sys_oper_log` VALUES ('188', '代码生成', '2', 'com.ruoyi.generator.controller.GenController.editSave()', 'POST', '1', 'admin', '研发部门', '/tool/gen/edit', '127.0.0.1', '内网IP', '{\"tableId\":[\"20\"],\"tableName\":[\"platf_econ_type\"],\"tableComment\":[\"经济类型\"],\"className\":[\"EconType\"],\"functionAuthor\":[\"dalin\"],\"remark\":[\"\"],\"columns[0].columnId\":[\"92\"],\"columns[0].sort\":[\"1\"],\"columns[0].columnComment\":[\"主键\"],\"columns[0].javaType\":[\"Long\"],\"columns[0].javaField\":[\"econId\"],\"columns[0].isInsert\":[\"1\"],\"columns[0].queryType\":[\"EQ\"],\"columns[0].htmlType\":[\"input\"],\"columns[0].dictType\":[\"\"],\"columns[1].columnId\":[\"93\"],\"columns[1].sort\":[\"2\"],\"columns[1].columnComment\":[\"名称\"],\"columns[1].javaType\":[\"String\"],\"columns[1].javaField\":[\"econName\"],\"columns[1].isInsert\":[\"1\"],\"columns[1].isEdit\":[\"1\"],\"columns[1].isList\":[\"1\"],\"columns[1].isQuery\":[\"1\"],\"columns[1].queryType\":[\"LIKE\"],\"columns[1].isRequired\":[\"1\"],\"columns[1].htmlType\":[\"input\"],\"columns[1].dictType\":[\"\"],\"columns[2].columnId\":[\"94\"],\"columns[2].sort\":[\"3\"],\"columns[2].columnComment\":[\"单据号\"],\"columns[2].javaType\":[\"String\"],\"columns[2].javaField\":[\"docNum\"],\"columns[2].isInsert\":[\"1\"],\"columns[2].isEdit\":[\"1\"],\"columns[2].isList\":[\"1\"],\"columns[2].queryType\":[\"EQ\"],\"columns[2].isRequired\":[\"1\"],\"columns[2].htmlType\":[\"input\"],\"columns[2].dictType\":[\"\"],\"columns[3].columnId\":[\"95\"],\"columns[3].sort\":[\"4\"],\"columns[3].columnComment\":[\"资料状态\"],\"columns[3].javaType\":[\"String\"],\"columns[3].javaField\":[\"status\"],\"columns[3].isInsert\":[\"1\"],\"columns[3].isEdit\":[\"1\"],\"columns[3].isList\":[\"1\"],\"columns[3].isQuery\":[\"1\"],\"columns[3].queryType\":[\"EQ\"],\"columns[3].isRequired\":[\"1\"],\"columns[3].htmlType\":[\"radio\"],\"columns[3].dictType\":[\"platf_doc_statu\"],\"columns[4].columnId\":[\"96\"],\"columns[4].sort\":[\"5\"],\"columns[4].columnComment\":[\"备注\"],\"columns[4].javaType\":[\"String\"],\"columns[4].javaField\":[\"remark\"],\"columns[4].isInsert\":[\"1\"],\"columns[4].isEdit\":[\"1\"],\"columns[4].isList\":[\"1\"],\"columns[4].queryType\":[\"EQ\"],\"columns[4].htmlType\":[\"textarea\"],\"columns[4].dictType\":[\"\"],\"columns[5].columnId\":[\"97\"],\"columns[5].sort\":[\"6\"],\"columns[5].columnComment\":[\"删除标志 删除标志\"],\"columns[5].javaType\":[\"String\"],\"co', '{\r\n  \"msg\" : \"操作成功\",\r\n  \"code\" : 0\r\n}', '0', null, '2020-12-09 10:33:46');
INSERT INTO `sys_oper_log` VALUES ('189', '代码生成', '2', 'com.ruoyi.generator.controller.GenController.editSave()', 'POST', '1', 'admin', '研发部门', '/tool/gen/edit', '127.0.0.1', '内网IP', '{\"tableId\":[\"20\"],\"tableName\":[\"platf_econ_type\"],\"tableComment\":[\"经济类型\"],\"className\":[\"EconType\"],\"functionAuthor\":[\"dalin\"],\"remark\":[\"\"],\"columns[0].columnId\":[\"92\"],\"columns[0].sort\":[\"1\"],\"columns[0].columnComment\":[\"主键\"],\"columns[0].javaType\":[\"Long\"],\"columns[0].javaField\":[\"econId\"],\"columns[0].isInsert\":[\"1\"],\"columns[0].queryType\":[\"EQ\"],\"columns[0].htmlType\":[\"input\"],\"columns[0].dictType\":[\"\"],\"columns[1].columnId\":[\"93\"],\"columns[1].sort\":[\"2\"],\"columns[1].columnComment\":[\"名称\"],\"columns[1].javaType\":[\"String\"],\"columns[1].javaField\":[\"econName\"],\"columns[1].isInsert\":[\"1\"],\"columns[1].isEdit\":[\"1\"],\"columns[1].isList\":[\"1\"],\"columns[1].isQuery\":[\"1\"],\"columns[1].queryType\":[\"LIKE\"],\"columns[1].isRequired\":[\"1\"],\"columns[1].htmlType\":[\"input\"],\"columns[1].dictType\":[\"\"],\"columns[2].columnId\":[\"94\"],\"columns[2].sort\":[\"3\"],\"columns[2].columnComment\":[\"单据号\"],\"columns[2].javaType\":[\"String\"],\"columns[2].javaField\":[\"docNum\"],\"columns[2].isInsert\":[\"1\"],\"columns[2].isEdit\":[\"1\"],\"columns[2].isList\":[\"1\"],\"columns[2].queryType\":[\"EQ\"],\"columns[2].isRequired\":[\"1\"],\"columns[2].htmlType\":[\"input\"],\"columns[2].dictType\":[\"\"],\"columns[3].columnId\":[\"95\"],\"columns[3].sort\":[\"4\"],\"columns[3].columnComment\":[\"资料状态\"],\"columns[3].javaType\":[\"String\"],\"columns[3].javaField\":[\"status\"],\"columns[3].isInsert\":[\"1\"],\"columns[3].isEdit\":[\"1\"],\"columns[3].isList\":[\"1\"],\"columns[3].isQuery\":[\"1\"],\"columns[3].queryType\":[\"EQ\"],\"columns[3].isRequired\":[\"1\"],\"columns[3].htmlType\":[\"radio\"],\"columns[3].dictType\":[\"platf_doc_statu\"],\"columns[4].columnId\":[\"96\"],\"columns[4].sort\":[\"5\"],\"columns[4].columnComment\":[\"备注\"],\"columns[4].javaType\":[\"String\"],\"columns[4].javaField\":[\"remark\"],\"columns[4].isInsert\":[\"1\"],\"columns[4].isEdit\":[\"1\"],\"columns[4].isList\":[\"1\"],\"columns[4].queryType\":[\"EQ\"],\"columns[4].htmlType\":[\"textarea\"],\"columns[4].dictType\":[\"\"],\"columns[5].columnId\":[\"97\"],\"columns[5].sort\":[\"6\"],\"columns[5].columnComment\":[\"删除标志 删除标志\"],\"columns[5].javaType\":[\"String\"],\"co', '{\r\n  \"msg\" : \"操作成功\",\r\n  \"code\" : 0\r\n}', '0', null, '2020-12-09 10:34:03');
INSERT INTO `sys_oper_log` VALUES ('190', '代码生成', '2', 'com.ruoyi.generator.controller.GenController.editSave()', 'POST', '1', 'admin', '研发部门', '/tool/gen/edit', '127.0.0.1', '内网IP', '{\"tableId\":[\"20\"],\"tableName\":[\"platf_econ_type\"],\"tableComment\":[\"经济类型\"],\"className\":[\"EconType\"],\"functionAuthor\":[\"dalin\"],\"remark\":[\"\"],\"columns[0].columnId\":[\"92\"],\"columns[0].sort\":[\"1\"],\"columns[0].columnComment\":[\"主键\"],\"columns[0].javaType\":[\"Long\"],\"columns[0].javaField\":[\"econId\"],\"columns[0].isInsert\":[\"1\"],\"columns[0].queryType\":[\"EQ\"],\"columns[0].htmlType\":[\"input\"],\"columns[0].dictType\":[\"\"],\"columns[1].columnId\":[\"93\"],\"columns[1].sort\":[\"2\"],\"columns[1].columnComment\":[\"名称\"],\"columns[1].javaType\":[\"String\"],\"columns[1].javaField\":[\"econName\"],\"columns[1].isInsert\":[\"1\"],\"columns[1].isEdit\":[\"1\"],\"columns[1].isList\":[\"1\"],\"columns[1].isQuery\":[\"1\"],\"columns[1].queryType\":[\"LIKE\"],\"columns[1].isRequired\":[\"1\"],\"columns[1].htmlType\":[\"input\"],\"columns[1].dictType\":[\"\"],\"columns[2].columnId\":[\"94\"],\"columns[2].sort\":[\"3\"],\"columns[2].columnComment\":[\"单据号\"],\"columns[2].javaType\":[\"String\"],\"columns[2].javaField\":[\"docNum\"],\"columns[2].isInsert\":[\"1\"],\"columns[2].isEdit\":[\"1\"],\"columns[2].isList\":[\"1\"],\"columns[2].queryType\":[\"EQ\"],\"columns[2].isRequired\":[\"1\"],\"columns[2].htmlType\":[\"input\"],\"columns[2].dictType\":[\"\"],\"columns[3].columnId\":[\"95\"],\"columns[3].sort\":[\"4\"],\"columns[3].columnComment\":[\"资料状态\"],\"columns[3].javaType\":[\"String\"],\"columns[3].javaField\":[\"status\"],\"columns[3].isInsert\":[\"1\"],\"columns[3].isEdit\":[\"1\"],\"columns[3].isList\":[\"1\"],\"columns[3].isQuery\":[\"1\"],\"columns[3].queryType\":[\"EQ\"],\"columns[3].isRequired\":[\"1\"],\"columns[3].htmlType\":[\"radio\"],\"columns[3].dictType\":[\"platf_doc_statu\"],\"columns[4].columnId\":[\"96\"],\"columns[4].sort\":[\"5\"],\"columns[4].columnComment\":[\"备注\"],\"columns[4].javaType\":[\"String\"],\"columns[4].javaField\":[\"remark\"],\"columns[4].isInsert\":[\"1\"],\"columns[4].isEdit\":[\"1\"],\"columns[4].isList\":[\"1\"],\"columns[4].queryType\":[\"EQ\"],\"columns[4].htmlType\":[\"textarea\"],\"columns[4].dictType\":[\"\"],\"columns[5].columnId\":[\"97\"],\"columns[5].sort\":[\"6\"],\"columns[5].columnComment\":[\"删除标志 删除标志\"],\"columns[5].javaType\":[\"String\"],\"co', '{\r\n  \"msg\" : \"操作成功\",\r\n  \"code\" : 0\r\n}', '0', null, '2020-12-09 10:34:30');
INSERT INTO `sys_oper_log` VALUES ('191', '代码生成', '2', 'com.ruoyi.generator.controller.GenController.editSave()', 'POST', '1', 'admin', '研发部门', '/tool/gen/edit', '127.0.0.1', '内网IP', '{\"tableId\":[\"20\"],\"tableName\":[\"platf_econ_type\"],\"tableComment\":[\"经济类型\"],\"className\":[\"EconType\"],\"functionAuthor\":[\"dalin\"],\"remark\":[\"\"],\"columns[0].columnId\":[\"92\"],\"columns[0].sort\":[\"1\"],\"columns[0].columnComment\":[\"主键\"],\"columns[0].javaType\":[\"Long\"],\"columns[0].javaField\":[\"econId\"],\"columns[0].isInsert\":[\"1\"],\"columns[0].queryType\":[\"EQ\"],\"columns[0].htmlType\":[\"input\"],\"columns[0].dictType\":[\"\"],\"columns[1].columnId\":[\"93\"],\"columns[1].sort\":[\"2\"],\"columns[1].columnComment\":[\"名称\"],\"columns[1].javaType\":[\"String\"],\"columns[1].javaField\":[\"econName\"],\"columns[1].isInsert\":[\"1\"],\"columns[1].isEdit\":[\"1\"],\"columns[1].isList\":[\"1\"],\"columns[1].isQuery\":[\"1\"],\"columns[1].queryType\":[\"LIKE\"],\"columns[1].isRequired\":[\"1\"],\"columns[1].htmlType\":[\"input\"],\"columns[1].dictType\":[\"\"],\"columns[2].columnId\":[\"94\"],\"columns[2].sort\":[\"3\"],\"columns[2].columnComment\":[\"单据号\"],\"columns[2].javaType\":[\"String\"],\"columns[2].javaField\":[\"docNum\"],\"columns[2].isInsert\":[\"1\"],\"columns[2].isEdit\":[\"1\"],\"columns[2].isList\":[\"1\"],\"columns[2].queryType\":[\"EQ\"],\"columns[2].isRequired\":[\"1\"],\"columns[2].htmlType\":[\"input\"],\"columns[2].dictType\":[\"\"],\"columns[3].columnId\":[\"95\"],\"columns[3].sort\":[\"4\"],\"columns[3].columnComment\":[\"资料状态\"],\"columns[3].javaType\":[\"String\"],\"columns[3].javaField\":[\"status\"],\"columns[3].isInsert\":[\"1\"],\"columns[3].isEdit\":[\"1\"],\"columns[3].isList\":[\"1\"],\"columns[3].isQuery\":[\"1\"],\"columns[3].queryType\":[\"EQ\"],\"columns[3].isRequired\":[\"1\"],\"columns[3].htmlType\":[\"radio\"],\"columns[3].dictType\":[\"platf_doc_statu\"],\"columns[4].columnId\":[\"96\"],\"columns[4].sort\":[\"5\"],\"columns[4].columnComment\":[\"备注\"],\"columns[4].javaType\":[\"String\"],\"columns[4].javaField\":[\"remark\"],\"columns[4].isInsert\":[\"1\"],\"columns[4].isEdit\":[\"1\"],\"columns[4].isList\":[\"1\"],\"columns[4].queryType\":[\"EQ\"],\"columns[4].htmlType\":[\"textarea\"],\"columns[4].dictType\":[\"\"],\"columns[5].columnId\":[\"97\"],\"columns[5].sort\":[\"6\"],\"columns[5].columnComment\":[\"删除标志 删除标志\"],\"columns[5].javaType\":[\"String\"],\"co', '{\r\n  \"msg\" : \"操作成功\",\r\n  \"code\" : 0\r\n}', '0', null, '2020-12-09 10:35:09');
INSERT INTO `sys_oper_log` VALUES ('192', '代码生成', '2', 'com.ruoyi.generator.controller.GenController.editSave()', 'POST', '1', 'admin', '研发部门', '/tool/gen/edit', '127.0.0.1', '内网IP', '{\"tableId\":[\"20\"],\"tableName\":[\"platf_econ_type\"],\"tableComment\":[\"经济类型\"],\"className\":[\"EconType\"],\"functionAuthor\":[\"dalin\"],\"remark\":[\"\"],\"columns[0].columnId\":[\"92\"],\"columns[0].sort\":[\"1\"],\"columns[0].columnComment\":[\"主键\"],\"columns[0].javaType\":[\"Long\"],\"columns[0].javaField\":[\"econId\"],\"columns[0].isInsert\":[\"1\"],\"columns[0].queryType\":[\"EQ\"],\"columns[0].htmlType\":[\"input\"],\"columns[0].dictType\":[\"\"],\"columns[1].columnId\":[\"93\"],\"columns[1].sort\":[\"2\"],\"columns[1].columnComment\":[\"名称\"],\"columns[1].javaType\":[\"String\"],\"columns[1].javaField\":[\"econName\"],\"columns[1].isInsert\":[\"1\"],\"columns[1].isEdit\":[\"1\"],\"columns[1].isList\":[\"1\"],\"columns[1].isQuery\":[\"1\"],\"columns[1].queryType\":[\"LIKE\"],\"columns[1].isRequired\":[\"1\"],\"columns[1].htmlType\":[\"input\"],\"columns[1].dictType\":[\"\"],\"columns[2].columnId\":[\"94\"],\"columns[2].sort\":[\"3\"],\"columns[2].columnComment\":[\"单据号\"],\"columns[2].javaType\":[\"String\"],\"columns[2].javaField\":[\"docNum\"],\"columns[2].isInsert\":[\"1\"],\"columns[2].isEdit\":[\"1\"],\"columns[2].isList\":[\"1\"],\"columns[2].queryType\":[\"EQ\"],\"columns[2].isRequired\":[\"1\"],\"columns[2].htmlType\":[\"input\"],\"columns[2].dictType\":[\"\"],\"columns[3].columnId\":[\"95\"],\"columns[3].sort\":[\"4\"],\"columns[3].columnComment\":[\"资料状态\"],\"columns[3].javaType\":[\"String\"],\"columns[3].javaField\":[\"status\"],\"columns[3].isInsert\":[\"1\"],\"columns[3].isEdit\":[\"1\"],\"columns[3].isList\":[\"1\"],\"columns[3].isQuery\":[\"1\"],\"columns[3].queryType\":[\"EQ\"],\"columns[3].isRequired\":[\"1\"],\"columns[3].htmlType\":[\"radio\"],\"columns[3].dictType\":[\"platf_doc_statu\"],\"columns[4].columnId\":[\"96\"],\"columns[4].sort\":[\"5\"],\"columns[4].columnComment\":[\"备注\"],\"columns[4].javaType\":[\"String\"],\"columns[4].javaField\":[\"remark\"],\"columns[4].isInsert\":[\"1\"],\"columns[4].isEdit\":[\"1\"],\"columns[4].isList\":[\"1\"],\"columns[4].queryType\":[\"EQ\"],\"columns[4].htmlType\":[\"textarea\"],\"columns[4].dictType\":[\"\"],\"columns[5].columnId\":[\"97\"],\"columns[5].sort\":[\"6\"],\"columns[5].columnComment\":[\"删除标志 删除标志\"],\"columns[5].javaType\":[\"String\"],\"co', '{\r\n  \"msg\" : \"操作成功\",\r\n  \"code\" : 0\r\n}', '0', null, '2020-12-09 10:44:17');
INSERT INTO `sys_oper_log` VALUES ('193', '代码生成', '8', 'com.ruoyi.generator.controller.GenController.download()', 'GET', '1', 'admin', '研发部门', '/tool/gen/download/platf_econ_type', '127.0.0.1', '内网IP', null, 'null', '0', null, '2020-12-09 10:46:14');
INSERT INTO `sys_oper_log` VALUES ('194', '代码生成', '8', 'com.ruoyi.generator.controller.GenController.download()', 'GET', '1', 'admin', '研发部门', '/tool/gen/download/platf_econ_type', '127.0.0.1', '内网IP', null, 'null', '0', null, '2020-12-09 11:01:40');
INSERT INTO `sys_oper_log` VALUES ('195', '代码生成', '8', 'com.ruoyi.generator.controller.GenController.download()', 'GET', '1', 'admin', '研发部门', '/tool/gen/download/platf_econ_type', '127.0.0.1', '内网IP', null, 'null', '0', null, '2020-12-09 11:07:52');
INSERT INTO `sys_oper_log` VALUES ('196', '代码生成', '2', 'com.ruoyi.generator.controller.GenController.editSave()', 'POST', '1', 'admin', '研发部门', '/tool/gen/edit', '127.0.0.1', '内网IP', '{\"tableId\":[\"20\"],\"tableName\":[\"platf_econ_type\"],\"tableComment\":[\"经济类型\"],\"className\":[\"EconType\"],\"functionAuthor\":[\"dalin\"],\"remark\":[\"\"],\"columns[0].columnId\":[\"92\"],\"columns[0].sort\":[\"1\"],\"columns[0].columnComment\":[\"主键\"],\"columns[0].javaType\":[\"Long\"],\"columns[0].javaField\":[\"econId\"],\"columns[0].isInsert\":[\"1\"],\"columns[0].queryType\":[\"EQ\"],\"columns[0].htmlType\":[\"input\"],\"columns[0].dictType\":[\"\"],\"columns[1].columnId\":[\"93\"],\"columns[1].sort\":[\"2\"],\"columns[1].columnComment\":[\"名称\"],\"columns[1].javaType\":[\"String\"],\"columns[1].javaField\":[\"econName\"],\"columns[1].isInsert\":[\"1\"],\"columns[1].isEdit\":[\"1\"],\"columns[1].isList\":[\"1\"],\"columns[1].isQuery\":[\"1\"],\"columns[1].queryType\":[\"LIKE\"],\"columns[1].isRequired\":[\"1\"],\"columns[1].htmlType\":[\"input\"],\"columns[1].dictType\":[\"\"],\"columns[2].columnId\":[\"94\"],\"columns[2].sort\":[\"3\"],\"columns[2].columnComment\":[\"单据号\"],\"columns[2].javaType\":[\"String\"],\"columns[2].javaField\":[\"docNum\"],\"columns[2].isInsert\":[\"1\"],\"columns[2].isEdit\":[\"1\"],\"columns[2].isList\":[\"1\"],\"columns[2].queryType\":[\"EQ\"],\"columns[2].isRequired\":[\"1\"],\"columns[2].htmlType\":[\"input\"],\"columns[2].dictType\":[\"\"],\"columns[3].columnId\":[\"95\"],\"columns[3].sort\":[\"4\"],\"columns[3].columnComment\":[\"资料状态\"],\"columns[3].javaType\":[\"String\"],\"columns[3].javaField\":[\"status\"],\"columns[3].isInsert\":[\"1\"],\"columns[3].isEdit\":[\"1\"],\"columns[3].isList\":[\"1\"],\"columns[3].isQuery\":[\"1\"],\"columns[3].queryType\":[\"EQ\"],\"columns[3].isRequired\":[\"1\"],\"columns[3].htmlType\":[\"radio\"],\"columns[3].dictType\":[\"platf_doc_statu\"],\"columns[4].columnId\":[\"96\"],\"columns[4].sort\":[\"5\"],\"columns[4].columnComment\":[\"备注\"],\"columns[4].javaType\":[\"String\"],\"columns[4].javaField\":[\"remark\"],\"columns[4].isInsert\":[\"1\"],\"columns[4].isEdit\":[\"1\"],\"columns[4].isList\":[\"1\"],\"columns[4].queryType\":[\"EQ\"],\"columns[4].htmlType\":[\"textarea\"],\"columns[4].dictType\":[\"\"],\"columns[5].columnId\":[\"97\"],\"columns[5].sort\":[\"6\"],\"columns[5].columnComment\":[\"删除标志 删除标志\"],\"columns[5].javaType\":[\"String\"],\"co', '{\r\n  \"msg\" : \"操作成功\",\r\n  \"code\" : 0\r\n}', '0', null, '2020-12-09 11:09:00');
INSERT INTO `sys_oper_log` VALUES ('197', '代码生成', '8', 'com.ruoyi.generator.controller.GenController.download()', 'GET', '1', 'admin', '研发部门', '/tool/gen/download/platf_econ_type', '127.0.0.1', '内网IP', null, 'null', '0', null, '2020-12-09 11:22:43');
INSERT INTO `sys_oper_log` VALUES ('198', '代码生成', '8', 'com.ruoyi.generator.controller.GenController.download()', 'GET', '1', 'admin', '研发部门', '/tool/gen/download/platf_econ_type', '127.0.0.1', '内网IP', null, 'null', '0', null, '2020-12-09 11:52:59');
INSERT INTO `sys_oper_log` VALUES ('199', '代码生成', '8', 'com.ruoyi.generator.controller.GenController.download()', 'GET', '1', 'admin', '研发部门', '/tool/gen/download/platf_econ_type', '127.0.0.1', '内网IP', null, 'null', '0', null, '2020-12-09 11:53:00');
INSERT INTO `sys_oper_log` VALUES ('200', '代码生成', '8', 'com.ruoyi.generator.controller.GenController.download()', 'GET', '1', 'admin', '研发部门', '/tool/gen/download/platf_econ_type', '127.0.0.1', '内网IP', null, 'null', '0', null, '2020-12-09 17:04:17');
INSERT INTO `sys_oper_log` VALUES ('201', '代码生成', '8', 'com.ruoyi.generator.controller.GenController.download()', 'GET', '1', 'admin', '研发部门', '/tool/gen/download/platf_econ_type', '127.0.0.1', '内网IP', null, 'null', '0', null, '2020-12-09 17:13:59');
INSERT INTO `sys_oper_log` VALUES ('202', '代码生成', '8', 'com.ruoyi.generator.controller.GenController.download()', 'GET', '1', 'admin', '研发部门', '/tool/gen/download/platf_econ_type', '127.0.0.1', '内网IP', null, 'null', '0', null, '2020-12-09 17:18:33');
INSERT INTO `sys_oper_log` VALUES ('203', '代码生成', '8', 'com.ruoyi.generator.controller.GenController.download()', 'GET', '1', 'admin', '研发部门', '/tool/gen/download/platf_econ_type', '127.0.0.1', '内网IP', null, 'null', '0', null, '2020-12-09 17:22:16');
INSERT INTO `sys_oper_log` VALUES ('204', '代码生成', '8', 'com.ruoyi.generator.controller.GenController.download()', 'GET', '1', 'admin', '研发部门', '/tool/gen/download/platf_econ_type', '127.0.0.1', '内网IP', null, 'null', '0', null, '2020-12-09 17:26:28');
INSERT INTO `sys_oper_log` VALUES ('205', '代码生成', '8', 'com.ruoyi.generator.controller.GenController.download()', 'GET', '1', 'admin', '研发部门', '/tool/gen/download/platf_econ_type', '127.0.0.1', '内网IP', null, 'null', '0', null, '2020-12-09 17:29:43');
INSERT INTO `sys_oper_log` VALUES ('206', '代码生成', '8', 'com.ruoyi.generator.controller.GenController.download()', 'GET', '1', 'admin', '研发部门', '/tool/gen/download/platf_econ_type', '127.0.0.1', '内网IP', null, 'null', '0', null, '2020-12-09 17:29:43');
INSERT INTO `sys_oper_log` VALUES ('207', '代码生成', '8', 'com.ruoyi.generator.controller.GenController.download()', 'GET', '1', 'admin', '研发部门', '/tool/gen/download/platf_econ_type', '127.0.0.1', '内网IP', null, 'null', '0', null, '2020-12-09 17:40:38');
INSERT INTO `sys_oper_log` VALUES ('208', '代码生成', '8', 'com.ruoyi.generator.controller.GenController.download()', 'GET', '1', 'admin', '研发部门', '/tool/gen/download/platf_econ_type', '127.0.0.1', '内网IP', null, 'null', '0', null, '2020-12-09 17:49:09');
INSERT INTO `sys_oper_log` VALUES ('209', '代码生成', '8', 'com.ruoyi.generator.controller.GenController.download()', 'GET', '1', 'admin', '研发部门', '/tool/gen/download/platf_econ_type', '127.0.0.1', '内网IP', null, 'null', '0', null, '2020-12-09 17:55:57');
INSERT INTO `sys_oper_log` VALUES ('210', '代码生成', '8', 'com.ruoyi.generator.controller.GenController.download()', 'GET', '1', 'admin', '研发部门', '/tool/gen/download/platf_econ_type', '127.0.0.1', '内网IP', null, 'null', '0', null, '2020-12-09 17:58:52');
INSERT INTO `sys_oper_log` VALUES ('211', '代码生成', '8', 'com.ruoyi.generator.controller.GenController.download()', 'GET', '1', 'admin', '研发部门', '/tool/gen/download/platf_econ_type', '127.0.0.1', '内网IP', null, 'null', '0', null, '2020-12-09 18:01:24');
INSERT INTO `sys_oper_log` VALUES ('212', '代码生成', '8', 'com.ruoyi.generator.controller.GenController.download()', 'GET', '1', 'admin', '研发部门', '/tool/gen/download/platf_econ_type', '127.0.0.1', '内网IP', null, 'null', '0', null, '2020-12-09 18:04:10');
INSERT INTO `sys_oper_log` VALUES ('213', '代码生成', '8', 'com.ruoyi.generator.controller.GenController.download()', 'GET', '1', 'admin', '研发部门', '/tool/gen/download/platf_econ_type', '127.0.0.1', '内网IP', null, 'null', '0', null, '2020-12-09 18:07:53');
INSERT INTO `sys_oper_log` VALUES ('214', '代码生成', '8', 'com.ruoyi.generator.controller.GenController.download()', 'GET', '1', 'admin', '研发部门', '/tool/gen/download/platf_econ_type', '127.0.0.1', '内网IP', null, 'null', '0', null, '2020-12-10 08:12:53');
INSERT INTO `sys_oper_log` VALUES ('215', '代码生成', '8', 'com.ruoyi.generator.controller.GenController.download()', 'GET', '1', 'admin', '研发部门', '/tool/gen/download/platf_econ_type', '127.0.0.1', '内网IP', null, 'null', '0', null, '2020-12-10 08:46:12');
INSERT INTO `sys_oper_log` VALUES ('216', '代码生成', '8', 'com.ruoyi.generator.controller.GenController.download()', 'GET', '1', 'admin', '研发部门', '/tool/gen/download/platf_econ_type', '127.0.0.1', '内网IP', null, 'null', '0', null, '2020-12-10 08:55:03');
INSERT INTO `sys_oper_log` VALUES ('217', '代码生成', '8', 'com.ruoyi.generator.controller.GenController.download()', 'GET', '1', 'admin', '研发部门', '/tool/gen/download/platf_econ_type', '127.0.0.1', '内网IP', null, 'null', '0', null, '2020-12-10 09:07:21');
INSERT INTO `sys_oper_log` VALUES ('218', '代码生成', '8', 'com.ruoyi.generator.controller.GenController.download()', 'GET', '1', 'admin', '研发部门', '/tool/gen/download/platf_econ_type', '127.0.0.1', '内网IP', null, 'null', '0', null, '2020-12-10 09:18:10');
INSERT INTO `sys_oper_log` VALUES ('219', '代码生成', '8', 'com.ruoyi.generator.controller.GenController.download()', 'GET', '1', 'admin', '研发部门', '/tool/gen/download/platf_econ_type', '127.0.0.1', '内网IP', null, 'null', '1', 'Unable to find resource \'formtpl.vm\'', '2020-12-10 09:40:51');
INSERT INTO `sys_oper_log` VALUES ('220', '代码生成', '8', 'com.ruoyi.generator.controller.GenController.download()', 'GET', '1', 'admin', '研发部门', '/tool/gen/download/platf_econ_type', '127.0.0.1', '内网IP', null, 'null', '0', null, '2020-12-10 09:47:40');
INSERT INTO `sys_oper_log` VALUES ('221', '代码生成', '8', 'com.ruoyi.generator.controller.GenController.download()', 'GET', '1', 'admin', '研发部门', '/tool/gen/download/platf_econ_type', '127.0.0.1', '内网IP', null, 'null', '0', null, '2020-12-10 10:00:53');
INSERT INTO `sys_oper_log` VALUES ('222', '代码生成', '8', 'com.ruoyi.generator.controller.GenController.download()', 'GET', '1', 'admin', '研发部门', '/tool/gen/download/platf_econ_type', '127.0.0.1', '内网IP', null, 'null', '0', null, '2020-12-10 10:05:15');
INSERT INTO `sys_oper_log` VALUES ('223', '代码生成', '8', 'com.ruoyi.generator.controller.GenController.download()', 'GET', '1', 'admin', '研发部门', '/tool/gen/download/platf_econ_type', '127.0.0.1', '内网IP', null, 'null', '0', null, '2020-12-10 10:08:15');
INSERT INTO `sys_oper_log` VALUES ('224', '代码生成', '8', 'com.ruoyi.generator.controller.GenController.download()', 'GET', '1', 'admin', '研发部门', '/tool/gen/download/platf_econ_type', '127.0.0.1', '内网IP', null, 'null', '0', null, '2020-12-10 10:39:45');
INSERT INTO `sys_oper_log` VALUES ('225', '代码生成', '8', 'com.ruoyi.generator.controller.GenController.download()', 'GET', '1', 'admin', '研发部门', '/tool/gen/download/platf_econ_type', '127.0.0.1', '内网IP', null, 'null', '1', 'Encountered \"$cumvar\" at vm/html/add.html.vm[line 53, column 34]\r\nWas expecting one of:\r\n    \"}\" ...\r\n    <WHITESPACE> ...\r\n    \"}\" ...\r\n    <WHITESPACE> ...\r\n    ', '2020-12-12 14:35:15');
INSERT INTO `sys_oper_log` VALUES ('226', '代码生成', '8', 'com.ruoyi.generator.controller.GenController.download()', 'GET', '1', 'admin', '研发部门', '/tool/gen/download/platf_econ_type', '127.0.0.1', '内网IP', null, 'null', '0', null, '2020-12-12 14:37:44');
INSERT INTO `sys_oper_log` VALUES ('227', '参数管理', '2', 'com.ruoyi.web.controller.system.SysConfigController.editSave()', 'POST', '1', 'admin', '研发部门', '/system/config/edit', '127.0.0.1', '内网IP', '{\"configId\":[\"3\"],\"configName\":[\"主框架页-侧边栏主题\"],\"configKey\":[\"sys.index.sideTheme\"],\"configValue\":[\"theme-dark\"],\"configType\":[\"N\"],\"remark\":[\"深黑主题theme-dark，浅色主题theme-light，深蓝主题theme-blue\"]}', '{\r\n  \"msg\" : \"操作成功\",\r\n  \"code\" : 0\r\n}', '0', null, '2020-12-12 15:38:09');
INSERT INTO `sys_oper_log` VALUES ('228', '参数管理', '1', 'com.ruoyi.web.controller.system.SysConfigController.addSave()', 'POST', '1', 'admin', '研发部门', '/system/config/add', '127.0.0.1', '内网IP', '{\"configName\":[\"项目名称\"],\"configKey\":[\"sys.project.name\"],\"configValue\":[\"yds\"],\"configType\":[\"Y\"],\"remark\":[\"yds \"]}', '{\r\n  \"msg\" : \"操作成功\",\r\n  \"code\" : 0\r\n}', '0', null, '2020-12-12 15:39:12');
INSERT INTO `sys_oper_log` VALUES ('229', '代码生成', '8', 'com.ruoyi.generator.controller.GenController.download()', 'GET', '1', 'admin', '研发部门', '/tool/gen/download/platf_econ_type', '127.0.0.1', '内网IP', null, 'null', '0', null, '2020-12-12 15:40:10');
INSERT INTO `sys_oper_log` VALUES ('230', '代码生成', '8', 'com.ruoyi.generator.controller.GenController.download()', 'GET', '1', 'admin', '研发部门', '/tool/gen/download/platf_econ_type', '127.0.0.1', '内网IP', null, 'null', '0', null, '2020-12-12 15:55:02');
INSERT INTO `sys_oper_log` VALUES ('231', '代码生成', '8', 'com.ruoyi.generator.controller.GenController.download()', 'GET', '1', 'admin', '研发部门', '/tool/gen/download/platf_econ_type', '127.0.0.1', '内网IP', null, 'null', '0', null, '2020-12-12 15:59:31');
INSERT INTO `sys_oper_log` VALUES ('232', '代码生成', '8', 'com.ruoyi.generator.controller.GenController.download()', 'GET', '1', 'admin', '研发部门', '/tool/gen/download/platf_econ_type', '127.0.0.1', '内网IP', null, 'null', '0', null, '2020-12-12 16:04:03');
INSERT INTO `sys_oper_log` VALUES ('233', '代码生成', '8', 'com.ruoyi.generator.controller.GenController.download()', 'GET', '1', 'admin', '研发部门', '/tool/gen/download/platf_econ_type', '127.0.0.1', '内网IP', null, 'null', '0', null, '2020-12-12 16:05:21');
INSERT INTO `sys_oper_log` VALUES ('234', '代码生成', '8', 'com.ruoyi.generator.controller.GenController.download()', 'GET', '1', 'admin', '研发部门', '/tool/gen/download/platf_econ_type', '127.0.0.1', '内网IP', null, 'null', '0', null, '2020-12-12 16:12:26');
INSERT INTO `sys_oper_log` VALUES ('235', '代码生成', '8', 'com.ruoyi.generator.controller.GenController.download()', 'GET', '1', 'admin', '研发部门', '/tool/gen/download/platf_econ_type', '127.0.0.1', '内网IP', null, 'null', '0', null, '2020-12-12 16:16:45');
INSERT INTO `sys_oper_log` VALUES ('236', '代码生成', '8', 'com.ruoyi.generator.controller.GenController.download()', 'GET', '1', 'admin', '研发部门', '/tool/gen/download/platf_econ_type', '127.0.0.1', '内网IP', null, 'null', '0', null, '2020-12-12 16:35:41');
INSERT INTO `sys_oper_log` VALUES ('237', '代码生成', '2', 'com.ruoyi.generator.controller.GenController.editSave()', 'POST', '1', 'admin', '研发部门', '/tool/gen/edit', '127.0.0.1', '内网IP', '{\"tableId\":[\"20\"],\"tableName\":[\"platf_econ_type\"],\"tableComment\":[\"经济类型\"],\"className\":[\"EconType\"],\"functionAuthor\":[\"dalin\"],\"remark\":[\"\"],\"columns[0].columnId\":[\"92\"],\"columns[0].sort\":[\"1\"],\"columns[0].columnComment\":[\"主键\"],\"columns[0].javaType\":[\"Long\"],\"columns[0].javaField\":[\"econId\"],\"columns[0].isInsert\":[\"1\"],\"columns[0].queryType\":[\"EQ\"],\"columns[0].htmlType\":[\"input\"],\"columns[0].dictType\":[\"\"],\"columns[1].columnId\":[\"93\"],\"columns[1].sort\":[\"2\"],\"columns[1].columnComment\":[\"名称\"],\"columns[1].javaType\":[\"String\"],\"columns[1].javaField\":[\"econName\"],\"columns[1].isInsert\":[\"1\"],\"columns[1].isEdit\":[\"1\"],\"columns[1].isList\":[\"1\"],\"columns[1].isQuery\":[\"1\"],\"columns[1].queryType\":[\"LIKE\"],\"columns[1].isRequired\":[\"1\"],\"columns[1].htmlType\":[\"input\"],\"columns[1].dictType\":[\"\"],\"columns[2].columnId\":[\"94\"],\"columns[2].sort\":[\"3\"],\"columns[2].columnComment\":[\"单据号\"],\"columns[2].javaType\":[\"String\"],\"columns[2].javaField\":[\"docNum\"],\"columns[2].isInsert\":[\"1\"],\"columns[2].isEdit\":[\"1\"],\"columns[2].isList\":[\"1\"],\"columns[2].queryType\":[\"EQ\"],\"columns[2].isRequired\":[\"1\"],\"columns[2].htmlType\":[\"input\"],\"columns[2].dictType\":[\"\"],\"columns[3].columnId\":[\"95\"],\"columns[3].sort\":[\"4\"],\"columns[3].columnComment\":[\"资料状态\"],\"columns[3].javaType\":[\"String\"],\"columns[3].javaField\":[\"status\"],\"columns[3].isInsert\":[\"1\"],\"columns[3].isEdit\":[\"1\"],\"columns[3].isList\":[\"1\"],\"columns[3].isQuery\":[\"1\"],\"columns[3].queryType\":[\"EQ\"],\"columns[3].isRequired\":[\"1\"],\"columns[3].htmlType\":[\"radio\"],\"columns[3].dictType\":[\"platf_doc_statu\"],\"columns[4].columnId\":[\"96\"],\"columns[4].sort\":[\"5\"],\"columns[4].columnComment\":[\"备注\"],\"columns[4].javaType\":[\"String\"],\"columns[4].javaField\":[\"remark\"],\"columns[4].isInsert\":[\"1\"],\"columns[4].isEdit\":[\"1\"],\"columns[4].isList\":[\"1\"],\"columns[4].queryType\":[\"EQ\"],\"columns[4].htmlType\":[\"textarea\"],\"columns[4].dictType\":[\"\"],\"columns[5].columnId\":[\"97\"],\"columns[5].sort\":[\"6\"],\"columns[5].columnComment\":[\"删除标志 删除标志\"],\"columns[5].javaType\":[\"String\"],\"co', '{\r\n  \"msg\" : \"操作成功\",\r\n  \"code\" : 0\r\n}', '0', null, '2020-12-12 16:37:34');
INSERT INTO `sys_oper_log` VALUES ('238', '代码生成', '8', 'com.ruoyi.generator.controller.GenController.download()', 'GET', '1', 'admin', '研发部门', '/tool/gen/download/platf_econ_type', '127.0.0.1', '内网IP', null, 'null', '0', null, '2020-12-12 16:38:05');
INSERT INTO `sys_oper_log` VALUES ('239', '代码生成', '8', 'com.ruoyi.generator.controller.GenController.download()', 'GET', '1', 'admin', '研发部门', '/tool/gen/download/platf_econ_type', '127.0.0.1', '内网IP', null, 'null', '0', null, '2020-12-12 16:42:03');
INSERT INTO `sys_oper_log` VALUES ('240', '代码生成', '2', 'com.ruoyi.generator.controller.GenController.editSave()', 'POST', '1', 'admin', '研发部门', '/tool/gen/edit', '127.0.0.1', '内网IP', '{\"tableId\":[\"20\"],\"tableName\":[\"platf_econ_type\"],\"tableComment\":[\"经济类型\"],\"className\":[\"EconType\"],\"functionAuthor\":[\"dalin\"],\"remark\":[\"\"],\"formCols\":[\"3\"],\"columns[0].columnId\":[\"92\"],\"columns[0].sort\":[\"1\"],\"columns[0].columnComment\":[\"主键\"],\"columns[0].javaType\":[\"Long\"],\"columns[0].javaField\":[\"econId\"],\"columns[0].isInsert\":[\"1\"],\"columns[0].queryType\":[\"EQ\"],\"columns[0].htmlType\":[\"input\"],\"columns[0].dictType\":[\"\"],\"columns[1].columnId\":[\"93\"],\"columns[1].sort\":[\"2\"],\"columns[1].columnComment\":[\"名称\"],\"columns[1].javaType\":[\"String\"],\"columns[1].javaField\":[\"econName\"],\"columns[1].isInsert\":[\"1\"],\"columns[1].isEdit\":[\"1\"],\"columns[1].isList\":[\"1\"],\"columns[1].isQuery\":[\"1\"],\"columns[1].queryType\":[\"LIKE\"],\"columns[1].isRequired\":[\"1\"],\"columns[1].htmlType\":[\"input\"],\"columns[1].dictType\":[\"\"],\"columns[2].columnId\":[\"94\"],\"columns[2].sort\":[\"3\"],\"columns[2].columnComment\":[\"单据号\"],\"columns[2].javaType\":[\"String\"],\"columns[2].javaField\":[\"docNum\"],\"columns[2].isInsert\":[\"1\"],\"columns[2].isEdit\":[\"1\"],\"columns[2].isList\":[\"1\"],\"columns[2].queryType\":[\"EQ\"],\"columns[2].isRequired\":[\"1\"],\"columns[2].htmlType\":[\"input\"],\"columns[2].dictType\":[\"\"],\"columns[3].columnId\":[\"95\"],\"columns[3].sort\":[\"4\"],\"columns[3].columnComment\":[\"资料状态\"],\"columns[3].javaType\":[\"String\"],\"columns[3].javaField\":[\"status\"],\"columns[3].isInsert\":[\"1\"],\"columns[3].isEdit\":[\"1\"],\"columns[3].isList\":[\"1\"],\"columns[3].isQuery\":[\"1\"],\"columns[3].queryType\":[\"EQ\"],\"columns[3].isRequired\":[\"1\"],\"columns[3].htmlType\":[\"radio\"],\"columns[3].dictType\":[\"platf_doc_statu\"],\"columns[4].columnId\":[\"96\"],\"columns[4].sort\":[\"5\"],\"columns[4].columnComment\":[\"备注\"],\"columns[4].javaType\":[\"String\"],\"columns[4].javaField\":[\"remark\"],\"columns[4].isInsert\":[\"1\"],\"columns[4].isEdit\":[\"1\"],\"columns[4].isList\":[\"1\"],\"columns[4].queryType\":[\"EQ\"],\"columns[4].htmlType\":[\"textarea\"],\"columns[4].dictType\":[\"\"],\"columns[5].columnId\":[\"97\"],\"columns[5].sort\":[\"6\"],\"columns[5].columnComment\":[\"删除标志 删除标志\"],\"columns[5].javaTyp', '{\r\n  \"msg\" : \"操作成功\",\r\n  \"code\" : 0\r\n}', '0', null, '2020-12-14 08:32:56');
INSERT INTO `sys_oper_log` VALUES ('241', '代码生成', '2', 'com.ruoyi.generator.controller.GenController.editSave()', 'POST', '1', 'admin', '研发部门', '/tool/gen/edit', '127.0.0.1', '内网IP', '{\"tableId\":[\"20\"],\"tableName\":[\"platf_econ_type\"],\"tableComment\":[\"经济类型\"],\"className\":[\"EconType\"],\"functionAuthor\":[\"dalin\"],\"remark\":[\"\"],\"formCols\":[\"4\"],\"columns[0].columnId\":[\"92\"],\"columns[0].sort\":[\"1\"],\"columns[0].columnComment\":[\"主键\"],\"columns[0].javaType\":[\"Long\"],\"columns[0].javaField\":[\"econId\"],\"columns[0].isInsert\":[\"1\"],\"columns[0].queryType\":[\"EQ\"],\"columns[0].htmlType\":[\"input\"],\"columns[0].dictType\":[\"\"],\"columns[1].columnId\":[\"93\"],\"columns[1].sort\":[\"2\"],\"columns[1].columnComment\":[\"名称\"],\"columns[1].javaType\":[\"String\"],\"columns[1].javaField\":[\"econName\"],\"columns[1].isInsert\":[\"1\"],\"columns[1].isEdit\":[\"1\"],\"columns[1].isList\":[\"1\"],\"columns[1].isQuery\":[\"1\"],\"columns[1].queryType\":[\"LIKE\"],\"columns[1].isRequired\":[\"1\"],\"columns[1].htmlType\":[\"input\"],\"columns[1].dictType\":[\"\"],\"columns[2].columnId\":[\"94\"],\"columns[2].sort\":[\"3\"],\"columns[2].columnComment\":[\"单据号\"],\"columns[2].javaType\":[\"String\"],\"columns[2].javaField\":[\"docNum\"],\"columns[2].isInsert\":[\"1\"],\"columns[2].isEdit\":[\"1\"],\"columns[2].isList\":[\"1\"],\"columns[2].queryType\":[\"EQ\"],\"columns[2].isRequired\":[\"1\"],\"columns[2].htmlType\":[\"input\"],\"columns[2].dictType\":[\"\"],\"columns[3].columnId\":[\"95\"],\"columns[3].sort\":[\"4\"],\"columns[3].columnComment\":[\"资料状态\"],\"columns[3].javaType\":[\"String\"],\"columns[3].javaField\":[\"status\"],\"columns[3].isInsert\":[\"1\"],\"columns[3].isEdit\":[\"1\"],\"columns[3].isList\":[\"1\"],\"columns[3].isQuery\":[\"1\"],\"columns[3].queryType\":[\"EQ\"],\"columns[3].isRequired\":[\"1\"],\"columns[3].htmlType\":[\"radio\"],\"columns[3].dictType\":[\"platf_doc_statu\"],\"columns[4].columnId\":[\"96\"],\"columns[4].sort\":[\"5\"],\"columns[4].columnComment\":[\"备注\"],\"columns[4].javaType\":[\"String\"],\"columns[4].javaField\":[\"remark\"],\"columns[4].isInsert\":[\"1\"],\"columns[4].isEdit\":[\"1\"],\"columns[4].isList\":[\"1\"],\"columns[4].queryType\":[\"EQ\"],\"columns[4].htmlType\":[\"textarea\"],\"columns[4].dictType\":[\"\"],\"columns[5].columnId\":[\"97\"],\"columns[5].sort\":[\"6\"],\"columns[5].columnComment\":[\"删除标志 删除标志\"],\"columns[5].javaTyp', '{\r\n  \"msg\" : \"操作成功\",\r\n  \"code\" : 0\r\n}', '0', null, '2020-12-14 08:36:41');
INSERT INTO `sys_oper_log` VALUES ('242', '代码生成', '2', 'com.ruoyi.generator.controller.GenController.editSave()', 'POST', '1', 'admin', '研发部门', '/tool/gen/edit', '127.0.0.1', '内网IP', '{\"tableId\":[\"20\"],\"tableName\":[\"platf_econ_type\"],\"tableComment\":[\"经济类型\"],\"className\":[\"EconType\"],\"functionAuthor\":[\"dalin\"],\"remark\":[\"\"],\"formCols\":[\"2\"],\"columns[0].columnId\":[\"92\"],\"columns[0].sort\":[\"1\"],\"columns[0].columnComment\":[\"主键\"],\"columns[0].javaType\":[\"Long\"],\"columns[0].javaField\":[\"econId\"],\"columns[0].isInsert\":[\"1\"],\"columns[0].queryType\":[\"EQ\"],\"columns[0].htmlType\":[\"input\"],\"columns[0].dictType\":[\"\"],\"columns[1].columnId\":[\"93\"],\"columns[1].sort\":[\"2\"],\"columns[1].columnComment\":[\"名称\"],\"columns[1].javaType\":[\"String\"],\"columns[1].javaField\":[\"econName\"],\"columns[1].isInsert\":[\"1\"],\"columns[1].isEdit\":[\"1\"],\"columns[1].isList\":[\"1\"],\"columns[1].isQuery\":[\"1\"],\"columns[1].queryType\":[\"LIKE\"],\"columns[1].isRequired\":[\"1\"],\"columns[1].htmlType\":[\"input\"],\"columns[1].dictType\":[\"\"],\"columns[2].columnId\":[\"94\"],\"columns[2].sort\":[\"3\"],\"columns[2].columnComment\":[\"单据号\"],\"columns[2].javaType\":[\"String\"],\"columns[2].javaField\":[\"docNum\"],\"columns[2].isInsert\":[\"1\"],\"columns[2].isEdit\":[\"1\"],\"columns[2].isList\":[\"1\"],\"columns[2].queryType\":[\"EQ\"],\"columns[2].isRequired\":[\"1\"],\"columns[2].htmlType\":[\"input\"],\"columns[2].dictType\":[\"\"],\"columns[3].columnId\":[\"95\"],\"columns[3].sort\":[\"4\"],\"columns[3].columnComment\":[\"资料状态\"],\"columns[3].javaType\":[\"String\"],\"columns[3].javaField\":[\"status\"],\"columns[3].isInsert\":[\"1\"],\"columns[3].isEdit\":[\"1\"],\"columns[3].isList\":[\"1\"],\"columns[3].isQuery\":[\"1\"],\"columns[3].queryType\":[\"EQ\"],\"columns[3].isRequired\":[\"1\"],\"columns[3].htmlType\":[\"radio\"],\"columns[3].dictType\":[\"platf_doc_statu\"],\"columns[4].columnId\":[\"96\"],\"columns[4].sort\":[\"5\"],\"columns[4].columnComment\":[\"备注\"],\"columns[4].javaType\":[\"String\"],\"columns[4].javaField\":[\"remark\"],\"columns[4].isInsert\":[\"1\"],\"columns[4].isEdit\":[\"1\"],\"columns[4].isList\":[\"1\"],\"columns[4].queryType\":[\"EQ\"],\"columns[4].htmlType\":[\"textarea\"],\"columns[4].dictType\":[\"\"],\"columns[5].columnId\":[\"97\"],\"columns[5].sort\":[\"6\"],\"columns[5].columnComment\":[\"删除标志 删除标志\"],\"columns[5].javaTyp', '{\r\n  \"msg\" : \"操作成功\",\r\n  \"code\" : 0\r\n}', '0', null, '2020-12-14 09:14:36');
INSERT INTO `sys_oper_log` VALUES ('243', '代码生成', '2', 'com.ruoyi.generator.controller.GenController.editSave()', 'POST', '1', 'admin', '研发部门', '/tool/gen/edit', '127.0.0.1', '内网IP', '{\"tableId\":[\"20\"],\"tableName\":[\"platf_econ_type\"],\"tableComment\":[\"经济类型\"],\"className\":[\"EconType\"],\"functionAuthor\":[\"dalin\"],\"remark\":[\"\"],\"formCols\":[\"2\"],\"columns[0].columnId\":[\"92\"],\"columns[0].sort\":[\"1\"],\"columns[0].columnComment\":[\"主键\"],\"columns[0].javaType\":[\"Long\"],\"columns[0].javaField\":[\"econId\"],\"columns[0].isInsert\":[\"1\"],\"columns[0].queryType\":[\"EQ\"],\"columns[0].htmlType\":[\"input\"],\"columns[0].dictType\":[\"\"],\"columns[1].columnId\":[\"93\"],\"columns[1].sort\":[\"2\"],\"columns[1].columnComment\":[\"名称\"],\"columns[1].javaType\":[\"String\"],\"columns[1].javaField\":[\"econName\"],\"columns[1].isInsert\":[\"1\"],\"columns[1].isEdit\":[\"1\"],\"columns[1].isList\":[\"1\"],\"columns[1].isQuery\":[\"1\"],\"columns[1].queryType\":[\"LIKE\"],\"columns[1].isRequired\":[\"1\"],\"columns[1].htmlType\":[\"input\"],\"columns[1].dictType\":[\"\"],\"columns[2].columnId\":[\"94\"],\"columns[2].sort\":[\"3\"],\"columns[2].columnComment\":[\"单据号\"],\"columns[2].javaType\":[\"String\"],\"columns[2].javaField\":[\"docNum\"],\"columns[2].isInsert\":[\"1\"],\"columns[2].isEdit\":[\"1\"],\"columns[2].isList\":[\"1\"],\"columns[2].queryType\":[\"EQ\"],\"columns[2].isRequired\":[\"1\"],\"columns[2].htmlType\":[\"input\"],\"columns[2].dictType\":[\"\"],\"columns[3].columnId\":[\"95\"],\"columns[3].sort\":[\"4\"],\"columns[3].columnComment\":[\"资料状态\"],\"columns[3].javaType\":[\"String\"],\"columns[3].javaField\":[\"status\"],\"columns[3].isInsert\":[\"1\"],\"columns[3].isEdit\":[\"1\"],\"columns[3].isList\":[\"1\"],\"columns[3].isQuery\":[\"1\"],\"columns[3].queryType\":[\"EQ\"],\"columns[3].isRequired\":[\"1\"],\"columns[3].htmlType\":[\"radio\"],\"columns[3].dictType\":[\"platf_doc_statu\"],\"columns[4].columnId\":[\"96\"],\"columns[4].sort\":[\"5\"],\"columns[4].columnComment\":[\"备注\"],\"columns[4].javaType\":[\"String\"],\"columns[4].javaField\":[\"remark\"],\"columns[4].isInsert\":[\"1\"],\"columns[4].isEdit\":[\"1\"],\"columns[4].isList\":[\"1\"],\"columns[4].queryType\":[\"EQ\"],\"columns[4].htmlType\":[\"textarea\"],\"columns[4].dictType\":[\"\"],\"columns[5].columnId\":[\"97\"],\"columns[5].sort\":[\"6\"],\"columns[5].columnComment\":[\"删除标志 删除标志\"],\"columns[5].javaTyp', '{\r\n  \"msg\" : \"操作成功\",\r\n  \"code\" : 0\r\n}', '0', null, '2020-12-14 09:15:06');
INSERT INTO `sys_oper_log` VALUES ('244', '代码生成', '2', 'com.ruoyi.generator.controller.GenController.editSave()', 'POST', '1', 'admin', '研发部门', '/tool/gen/edit', '127.0.0.1', '内网IP', '{\"tableId\":[\"20\"],\"tableName\":[\"platf_econ_type\"],\"tableComment\":[\"经济类型\"],\"className\":[\"EconType\"],\"functionAuthor\":[\"dalin\"],\"remark\":[\"\"],\"formCols\":[\"3\"],\"columns[0].columnId\":[\"92\"],\"columns[0].sort\":[\"1\"],\"columns[0].columnComment\":[\"主键\"],\"columns[0].javaType\":[\"Long\"],\"columns[0].javaField\":[\"econId\"],\"columns[0].isInsert\":[\"1\"],\"columns[0].queryType\":[\"EQ\"],\"columns[0].htmlType\":[\"input\"],\"columns[0].dictType\":[\"\"],\"columns[1].columnId\":[\"93\"],\"columns[1].sort\":[\"2\"],\"columns[1].columnComment\":[\"名称\"],\"columns[1].javaType\":[\"String\"],\"columns[1].javaField\":[\"econName\"],\"columns[1].isInsert\":[\"1\"],\"columns[1].isEdit\":[\"1\"],\"columns[1].isList\":[\"1\"],\"columns[1].isQuery\":[\"1\"],\"columns[1].queryType\":[\"LIKE\"],\"columns[1].isRequired\":[\"1\"],\"columns[1].htmlType\":[\"input\"],\"columns[1].dictType\":[\"\"],\"columns[2].columnId\":[\"94\"],\"columns[2].sort\":[\"3\"],\"columns[2].columnComment\":[\"单据号\"],\"columns[2].javaType\":[\"String\"],\"columns[2].javaField\":[\"docNum\"],\"columns[2].isInsert\":[\"1\"],\"columns[2].isEdit\":[\"1\"],\"columns[2].isList\":[\"1\"],\"columns[2].queryType\":[\"EQ\"],\"columns[2].isRequired\":[\"1\"],\"columns[2].htmlType\":[\"input\"],\"columns[2].dictType\":[\"\"],\"columns[3].columnId\":[\"95\"],\"columns[3].sort\":[\"4\"],\"columns[3].columnComment\":[\"资料状态\"],\"columns[3].javaType\":[\"String\"],\"columns[3].javaField\":[\"status\"],\"columns[3].isInsert\":[\"1\"],\"columns[3].isEdit\":[\"1\"],\"columns[3].isList\":[\"1\"],\"columns[3].isQuery\":[\"1\"],\"columns[3].queryType\":[\"EQ\"],\"columns[3].isRequired\":[\"1\"],\"columns[3].htmlType\":[\"radio\"],\"columns[3].dictType\":[\"platf_doc_statu\"],\"columns[4].columnId\":[\"96\"],\"columns[4].sort\":[\"5\"],\"columns[4].columnComment\":[\"备注\"],\"columns[4].javaType\":[\"String\"],\"columns[4].javaField\":[\"remark\"],\"columns[4].isInsert\":[\"1\"],\"columns[4].isEdit\":[\"1\"],\"columns[4].isList\":[\"1\"],\"columns[4].queryType\":[\"EQ\"],\"columns[4].htmlType\":[\"textarea\"],\"columns[4].dictType\":[\"\"],\"columns[5].columnId\":[\"97\"],\"columns[5].sort\":[\"6\"],\"columns[5].columnComment\":[\"删除标志 删除标志\"],\"columns[5].javaTyp', '{\r\n  \"msg\" : \"操作成功\",\r\n  \"code\" : 0\r\n}', '0', null, '2020-12-14 09:16:22');
INSERT INTO `sys_oper_log` VALUES ('245', '代码生成', '2', 'com.ruoyi.generator.controller.GenController.editSave()', 'POST', '1', 'admin', '研发部门', '/tool/gen/edit', '127.0.0.1', '内网IP', '{\"tableId\":[\"20\"],\"tableName\":[\"platf_econ_type\"],\"tableComment\":[\"经济类型\"],\"className\":[\"EconType\"],\"functionAuthor\":[\"dalin\"],\"remark\":[\"\"],\"formCols\":[\"2\"],\"columns[0].columnId\":[\"92\"],\"columns[0].sort\":[\"1\"],\"columns[0].columnComment\":[\"主键\"],\"columns[0].javaType\":[\"Long\"],\"columns[0].javaField\":[\"econId\"],\"columns[0].isInsert\":[\"1\"],\"columns[0].queryType\":[\"EQ\"],\"columns[0].htmlType\":[\"input\"],\"columns[0].dictType\":[\"\"],\"columns[1].columnId\":[\"93\"],\"columns[1].sort\":[\"2\"],\"columns[1].columnComment\":[\"名称\"],\"columns[1].javaType\":[\"String\"],\"columns[1].javaField\":[\"econName\"],\"columns[1].isInsert\":[\"1\"],\"columns[1].isEdit\":[\"1\"],\"columns[1].isList\":[\"1\"],\"columns[1].isQuery\":[\"1\"],\"columns[1].queryType\":[\"LIKE\"],\"columns[1].isRequired\":[\"1\"],\"columns[1].htmlType\":[\"input\"],\"columns[1].dictType\":[\"\"],\"columns[2].columnId\":[\"94\"],\"columns[2].sort\":[\"3\"],\"columns[2].columnComment\":[\"单据号\"],\"columns[2].javaType\":[\"String\"],\"columns[2].javaField\":[\"docNum\"],\"columns[2].isInsert\":[\"1\"],\"columns[2].isEdit\":[\"1\"],\"columns[2].isList\":[\"1\"],\"columns[2].queryType\":[\"EQ\"],\"columns[2].isRequired\":[\"1\"],\"columns[2].htmlType\":[\"input\"],\"columns[2].dictType\":[\"\"],\"columns[3].columnId\":[\"95\"],\"columns[3].sort\":[\"4\"],\"columns[3].columnComment\":[\"资料状态\"],\"columns[3].javaType\":[\"String\"],\"columns[3].javaField\":[\"status\"],\"columns[3].isInsert\":[\"1\"],\"columns[3].isEdit\":[\"1\"],\"columns[3].isList\":[\"1\"],\"columns[3].isQuery\":[\"1\"],\"columns[3].queryType\":[\"EQ\"],\"columns[3].isRequired\":[\"1\"],\"columns[3].htmlType\":[\"radio\"],\"columns[3].dictType\":[\"platf_doc_statu\"],\"columns[4].columnId\":[\"96\"],\"columns[4].sort\":[\"5\"],\"columns[4].columnComment\":[\"备注\"],\"columns[4].javaType\":[\"String\"],\"columns[4].javaField\":[\"remark\"],\"columns[4].isInsert\":[\"1\"],\"columns[4].isEdit\":[\"1\"],\"columns[4].isList\":[\"1\"],\"columns[4].queryType\":[\"EQ\"],\"columns[4].htmlType\":[\"textarea\"],\"columns[4].dictType\":[\"\"],\"columns[5].columnId\":[\"97\"],\"columns[5].sort\":[\"6\"],\"columns[5].columnComment\":[\"删除标志 删除标志\"],\"columns[5].javaTyp', '{\r\n  \"msg\" : \"操作成功\",\r\n  \"code\" : 0\r\n}', '0', null, '2020-12-14 09:16:36');
INSERT INTO `sys_oper_log` VALUES ('246', '代码生成', '2', 'com.ruoyi.generator.controller.GenController.editSave()', 'POST', '1', 'admin', '研发部门', '/tool/gen/edit', '127.0.0.1', '内网IP', '{\"tableId\":[\"20\"],\"tableName\":[\"platf_econ_type\"],\"tableComment\":[\"经济类型\"],\"className\":[\"EconType\"],\"functionAuthor\":[\"dalin\"],\"remark\":[\"\"],\"formCols\":[\"2\"],\"columns[0].columnId\":[\"92\"],\"columns[0].sort\":[\"1\"],\"columns[0].columnComment\":[\"主键\"],\"columns[0].javaType\":[\"Long\"],\"columns[0].javaField\":[\"econId\"],\"columns[0].isInsert\":[\"1\"],\"columns[0].queryType\":[\"EQ\"],\"columns[0].htmlType\":[\"input\"],\"columns[0].dictType\":[\"\"],\"columns[1].columnId\":[\"93\"],\"columns[1].sort\":[\"2\"],\"columns[1].columnComment\":[\"名称\"],\"columns[1].javaType\":[\"String\"],\"columns[1].javaField\":[\"econName\"],\"columns[1].isInsert\":[\"1\"],\"columns[1].isEdit\":[\"1\"],\"columns[1].isList\":[\"1\"],\"columns[1].isQuery\":[\"1\"],\"columns[1].queryType\":[\"LIKE\"],\"columns[1].isRequired\":[\"1\"],\"columns[1].htmlType\":[\"input\"],\"columns[1].dictType\":[\"\"],\"columns[2].columnId\":[\"94\"],\"columns[2].sort\":[\"3\"],\"columns[2].columnComment\":[\"单据号\"],\"columns[2].javaType\":[\"String\"],\"columns[2].javaField\":[\"docNum\"],\"columns[2].isInsert\":[\"1\"],\"columns[2].isEdit\":[\"1\"],\"columns[2].isList\":[\"1\"],\"columns[2].queryType\":[\"EQ\"],\"columns[2].isRequired\":[\"1\"],\"columns[2].htmlType\":[\"input\"],\"columns[2].dictType\":[\"\"],\"columns[3].columnId\":[\"95\"],\"columns[3].sort\":[\"4\"],\"columns[3].columnComment\":[\"资料状态\"],\"columns[3].javaType\":[\"String\"],\"columns[3].javaField\":[\"status\"],\"columns[3].isInsert\":[\"1\"],\"columns[3].isEdit\":[\"1\"],\"columns[3].isList\":[\"1\"],\"columns[3].isQuery\":[\"1\"],\"columns[3].queryType\":[\"EQ\"],\"columns[3].isRequired\":[\"1\"],\"columns[3].htmlType\":[\"radio\"],\"columns[3].dictType\":[\"platf_doc_statu\"],\"columns[4].columnId\":[\"96\"],\"columns[4].sort\":[\"5\"],\"columns[4].columnComment\":[\"备注\"],\"columns[4].javaType\":[\"String\"],\"columns[4].javaField\":[\"remark\"],\"columns[4].isInsert\":[\"1\"],\"columns[4].isEdit\":[\"1\"],\"columns[4].isList\":[\"1\"],\"columns[4].queryType\":[\"EQ\"],\"columns[4].htmlType\":[\"textarea\"],\"columns[4].dictType\":[\"\"],\"columns[5].columnId\":[\"97\"],\"columns[5].sort\":[\"6\"],\"columns[5].columnComment\":[\"删除标志 删除标志\"],\"columns[5].javaTyp', '{\r\n  \"msg\" : \"操作成功\",\r\n  \"code\" : 0\r\n}', '0', null, '2020-12-14 09:17:07');
INSERT INTO `sys_oper_log` VALUES ('247', '代码生成', '8', 'com.ruoyi.generator.controller.GenController.download()', 'GET', '1', 'admin', '研发部门', '/tool/gen/download/platf_econ_type', '127.0.0.1', '内网IP', null, 'null', '0', null, '2020-12-14 09:22:29');
INSERT INTO `sys_oper_log` VALUES ('248', '代码生成', '8', 'com.ruoyi.generator.controller.GenController.download()', 'GET', '1', 'admin', '研发部门', '/tool/gen/download/platf_econ_type', '127.0.0.1', '内网IP', null, 'null', '0', null, '2020-12-14 09:23:29');
INSERT INTO `sys_oper_log` VALUES ('249', '代码生成', '8', 'com.ruoyi.generator.controller.GenController.download()', 'GET', '1', 'admin', '研发部门', '/tool/gen/download/platf_econ_type', '127.0.0.1', '内网IP', null, 'null', '0', null, '2020-12-14 09:53:34');
INSERT INTO `sys_oper_log` VALUES ('250', '代码生成', '8', 'com.ruoyi.generator.controller.GenController.download()', 'GET', '1', 'admin', '研发部门', '/tool/gen/download/platf_econ_type', '127.0.0.1', '内网IP', null, 'null', '0', null, '2020-12-14 09:55:01');
INSERT INTO `sys_oper_log` VALUES ('251', '代码生成', '8', 'com.ruoyi.generator.controller.GenController.download()', 'GET', '1', 'admin', '研发部门', '/tool/gen/download/platf_econ_type', '127.0.0.1', '内网IP', null, 'null', '0', null, '2020-12-14 09:56:25');
INSERT INTO `sys_oper_log` VALUES ('252', '代码生成', '8', 'com.ruoyi.generator.controller.GenController.download()', 'GET', '1', 'admin', '研发部门', '/tool/gen/download/platf_econ_type', '127.0.0.1', '内网IP', null, 'null', '0', null, '2020-12-14 10:01:46');
INSERT INTO `sys_oper_log` VALUES ('253', '代码生成', '8', 'com.ruoyi.generator.controller.GenController.download()', 'GET', '1', 'admin', '研发部门', '/tool/gen/download/platf_econ_type', '127.0.0.1', '内网IP', null, 'null', '1', 'Unable to find resource \'\\vm\\html\\cols\\formtpl.vm\'', '2020-12-14 10:59:50');
INSERT INTO `sys_oper_log` VALUES ('254', '代码生成', '8', 'com.ruoyi.generator.controller.GenController.download()', 'GET', '1', 'admin', '研发部门', '/tool/gen/download/platf_econ_type', '127.0.0.1', '内网IP', null, 'null', '0', null, '2020-12-14 11:02:31');
INSERT INTO `sys_oper_log` VALUES ('255', '代码生成', '8', 'com.ruoyi.generator.controller.GenController.download()', 'GET', '1', 'admin', '研发部门', '/tool/gen/download/platf_econ_type', '127.0.0.1', '内网IP', null, 'null', '0', null, '2020-12-14 11:10:24');
INSERT INTO `sys_oper_log` VALUES ('256', '代码生成', '2', 'com.ruoyi.generator.controller.GenController.editSave()', 'POST', '1', 'admin', '研发部门', '/tool/gen/edit', '127.0.0.1', '内网IP', '{\"tableId\":[\"20\"],\"tableName\":[\"platf_econ_type\"],\"tableComment\":[\"经济类型\"],\"className\":[\"EconType\"],\"functionAuthor\":[\"dalin\"],\"remark\":[\"\"],\"formCols\":[\"2\"],\"columns[0].columnId\":[\"92\"],\"columns[0].sort\":[\"1\"],\"columns[0].columnComment\":[\"主键\"],\"columns[0].javaType\":[\"Long\"],\"columns[0].javaField\":[\"econId\"],\"columns[0].isInsert\":[\"1\"],\"columns[0].queryType\":[\"EQ\"],\"columns[0].htmlType\":[\"input\"],\"columns[0].dictType\":[\"\"],\"columns[1].columnId\":[\"93\"],\"columns[1].sort\":[\"2\"],\"columns[1].columnComment\":[\"名称\"],\"columns[1].javaType\":[\"String\"],\"columns[1].javaField\":[\"econName\"],\"columns[1].isInsert\":[\"1\"],\"columns[1].isEdit\":[\"1\"],\"columns[1].isList\":[\"1\"],\"columns[1].isQuery\":[\"1\"],\"columns[1].queryType\":[\"LIKE\"],\"columns[1].isRequired\":[\"1\"],\"columns[1].htmlType\":[\"input\"],\"columns[1].dictType\":[\"\"],\"columns[2].columnId\":[\"94\"],\"columns[2].sort\":[\"3\"],\"columns[2].columnComment\":[\"单据号\"],\"columns[2].javaType\":[\"String\"],\"columns[2].javaField\":[\"docNum\"],\"columns[2].isInsert\":[\"1\"],\"columns[2].isEdit\":[\"1\"],\"columns[2].isList\":[\"1\"],\"columns[2].queryType\":[\"EQ\"],\"columns[2].isRequired\":[\"1\"],\"columns[2].htmlType\":[\"input\"],\"columns[2].dictType\":[\"\"],\"columns[3].columnId\":[\"95\"],\"columns[3].sort\":[\"4\"],\"columns[3].columnComment\":[\"资料状态\"],\"columns[3].javaType\":[\"String\"],\"columns[3].javaField\":[\"status\"],\"columns[3].isInsert\":[\"1\"],\"columns[3].isEdit\":[\"1\"],\"columns[3].isList\":[\"1\"],\"columns[3].isQuery\":[\"1\"],\"columns[3].queryType\":[\"EQ\"],\"columns[3].isRequired\":[\"1\"],\"columns[3].htmlType\":[\"radio\"],\"columns[3].dictType\":[\"platf_doc_statu\"],\"columns[4].columnId\":[\"96\"],\"columns[4].sort\":[\"5\"],\"columns[4].columnComment\":[\"备注\"],\"columns[4].javaType\":[\"String\"],\"columns[4].javaField\":[\"remark\"],\"columns[4].isInsert\":[\"1\"],\"columns[4].isEdit\":[\"1\"],\"columns[4].isList\":[\"1\"],\"columns[4].queryType\":[\"EQ\"],\"columns[4].htmlType\":[\"textarea\"],\"columns[4].dictType\":[\"\"],\"columns[5].columnId\":[\"97\"],\"columns[5].sort\":[\"6\"],\"columns[5].columnComment\":[\"删除标志 删除标志\"],\"columns[5].javaTyp', '{\r\n  \"msg\" : \"操作成功\",\r\n  \"code\" : 0\r\n}', '0', null, '2020-12-14 11:12:43');
INSERT INTO `sys_oper_log` VALUES ('257', '代码生成', '8', 'com.ruoyi.generator.controller.GenController.download()', 'GET', '1', 'admin', '研发部门', '/tool/gen/download/platf_econ_type', '127.0.0.1', '内网IP', null, 'null', '0', null, '2020-12-14 11:13:04');
INSERT INTO `sys_oper_log` VALUES ('258', '代码生成', '8', 'com.ruoyi.generator.controller.GenController.download()', 'GET', '1', 'admin', '研发部门', '/tool/gen/download/platf_econ_type', '127.0.0.1', '内网IP', null, 'null', '0', null, '2020-12-14 13:25:32');
INSERT INTO `sys_oper_log` VALUES ('259', '代码生成', '2', 'com.ruoyi.generator.controller.GenController.editSave()', 'POST', '1', 'admin', '研发部门', '/tool/gen/edit', '127.0.0.1', '内网IP', '{\"tableId\":[\"20\"],\"tableName\":[\"platf_econ_type\"],\"tableComment\":[\"经济类型\"],\"className\":[\"EconType\"],\"functionAuthor\":[\"dalin\"],\"remark\":[\"\"],\"formCols\":[\"2\"],\"columns[0].columnId\":[\"92\"],\"columns[0].sort\":[\"1\"],\"columns[0].columnComment\":[\"主键\"],\"columns[0].javaType\":[\"Long\"],\"columns[0].javaField\":[\"econId\"],\"columns[0].isInsert\":[\"1\"],\"columns[0].queryType\":[\"EQ\"],\"columns[0].htmlType\":[\"input\"],\"columns[0].dictType\":[\"\"],\"columns[1].columnId\":[\"93\"],\"columns[1].sort\":[\"2\"],\"columns[1].columnComment\":[\"名称\"],\"columns[1].javaType\":[\"String\"],\"columns[1].javaField\":[\"econName\"],\"columns[1].isInsert\":[\"1\"],\"columns[1].isEdit\":[\"1\"],\"columns[1].isList\":[\"1\"],\"columns[1].isQuery\":[\"1\"],\"columns[1].queryType\":[\"LIKE\"],\"columns[1].isRequired\":[\"1\"],\"columns[1].htmlType\":[\"input\"],\"columns[1].dictType\":[\"\"],\"columns[2].columnId\":[\"94\"],\"columns[2].sort\":[\"3\"],\"columns[2].columnComment\":[\"单据号\"],\"columns[2].javaType\":[\"String\"],\"columns[2].javaField\":[\"docNum\"],\"columns[2].isInsert\":[\"1\"],\"columns[2].isEdit\":[\"1\"],\"columns[2].isList\":[\"1\"],\"columns[2].queryType\":[\"EQ\"],\"columns[2].isRequired\":[\"1\"],\"columns[2].htmlType\":[\"input\"],\"columns[2].dictType\":[\"\"],\"columns[3].columnId\":[\"95\"],\"columns[3].sort\":[\"4\"],\"columns[3].columnComment\":[\"资料状态\"],\"columns[3].javaType\":[\"String\"],\"columns[3].javaField\":[\"status\"],\"columns[3].isInsert\":[\"1\"],\"columns[3].isEdit\":[\"1\"],\"columns[3].isList\":[\"1\"],\"columns[3].isQuery\":[\"1\"],\"columns[3].queryType\":[\"EQ\"],\"columns[3].isRequired\":[\"1\"],\"columns[3].htmlType\":[\"radio\"],\"columns[3].dictType\":[\"platf_doc_statu\"],\"columns[4].columnId\":[\"96\"],\"columns[4].sort\":[\"5\"],\"columns[4].columnComment\":[\"备注\"],\"columns[4].javaType\":[\"String\"],\"columns[4].javaField\":[\"remark\"],\"columns[4].isInsert\":[\"1\"],\"columns[4].isEdit\":[\"1\"],\"columns[4].isList\":[\"1\"],\"columns[4].queryType\":[\"EQ\"],\"columns[4].htmlType\":[\"textarea\"],\"columns[4].dictType\":[\"\"],\"columns[5].columnId\":[\"97\"],\"columns[5].sort\":[\"6\"],\"columns[5].columnComment\":[\"删除标志 删除标志\"],\"columns[5].javaTyp', '{\r\n  \"msg\" : \"操作成功\",\r\n  \"code\" : 0\r\n}', '0', null, '2020-12-14 13:32:42');
INSERT INTO `sys_oper_log` VALUES ('260', '代码生成', '2', 'com.ruoyi.generator.controller.GenController.editSave()', 'POST', '1', 'admin', '研发部门', '/tool/gen/edit', '127.0.0.1', '内网IP', '{\"tableId\":[\"20\"],\"tableName\":[\"platf_econ_type\"],\"tableComment\":[\"经济类型\"],\"className\":[\"EconType\"],\"functionAuthor\":[\"dalin\"],\"remark\":[\"\"],\"formCols\":[\"2\"],\"columns[0].columnId\":[\"92\"],\"columns[0].sort\":[\"1\"],\"columns[0].columnComment\":[\"主键\"],\"columns[0].javaType\":[\"Long\"],\"columns[0].javaField\":[\"econId\"],\"columns[0].isInsert\":[\"1\"],\"columns[0].queryType\":[\"EQ\"],\"columns[0].htmlType\":[\"input\"],\"columns[0].dictType\":[\"\"],\"columns[1].columnId\":[\"93\"],\"columns[1].sort\":[\"2\"],\"columns[1].columnComment\":[\"名称\"],\"columns[1].javaType\":[\"String\"],\"columns[1].javaField\":[\"econName\"],\"columns[1].isInsert\":[\"1\"],\"columns[1].isEdit\":[\"1\"],\"columns[1].isList\":[\"1\"],\"columns[1].isQuery\":[\"1\"],\"columns[1].queryType\":[\"LIKE\"],\"columns[1].isRequired\":[\"1\"],\"columns[1].htmlType\":[\"input\"],\"columns[1].dictType\":[\"\"],\"columns[2].columnId\":[\"94\"],\"columns[2].sort\":[\"3\"],\"columns[2].columnComment\":[\"单据号\"],\"columns[2].javaType\":[\"String\"],\"columns[2].javaField\":[\"docNum\"],\"columns[2].isInsert\":[\"1\"],\"columns[2].isEdit\":[\"1\"],\"columns[2].isList\":[\"1\"],\"columns[2].queryType\":[\"EQ\"],\"columns[2].isRequired\":[\"1\"],\"columns[2].htmlType\":[\"input\"],\"columns[2].dictType\":[\"\"],\"columns[3].columnId\":[\"95\"],\"columns[3].sort\":[\"4\"],\"columns[3].columnComment\":[\"资料状态\"],\"columns[3].javaType\":[\"String\"],\"columns[3].javaField\":[\"status\"],\"columns[3].isInsert\":[\"1\"],\"columns[3].isEdit\":[\"1\"],\"columns[3].isList\":[\"1\"],\"columns[3].isQuery\":[\"1\"],\"columns[3].queryType\":[\"EQ\"],\"columns[3].isRequired\":[\"1\"],\"columns[3].htmlType\":[\"radio\"],\"columns[3].dictType\":[\"platf_doc_statu\"],\"columns[4].columnId\":[\"96\"],\"columns[4].sort\":[\"5\"],\"columns[4].columnComment\":[\"备注\"],\"columns[4].javaType\":[\"String\"],\"columns[4].javaField\":[\"remark\"],\"columns[4].isInsert\":[\"1\"],\"columns[4].isEdit\":[\"1\"],\"columns[4].isList\":[\"1\"],\"columns[4].queryType\":[\"EQ\"],\"columns[4].htmlType\":[\"textarea\"],\"columns[4].dictType\":[\"\"],\"columns[5].columnId\":[\"97\"],\"columns[5].sort\":[\"6\"],\"columns[5].columnComment\":[\"删除标志 删除标志\"],\"columns[5].javaTyp', '{\r\n  \"msg\" : \"操作成功\",\r\n  \"code\" : 0\r\n}', '0', null, '2020-12-14 13:33:10');
INSERT INTO `sys_oper_log` VALUES ('261', '代码生成', '2', 'com.ruoyi.generator.controller.GenController.editSave()', 'POST', '1', 'admin', '研发部门', '/tool/gen/edit', '127.0.0.1', '内网IP', '{\"tableId\":[\"20\"],\"tableName\":[\"platf_econ_type\"],\"tableComment\":[\"经济类型\"],\"className\":[\"EconType\"],\"functionAuthor\":[\"dalin\"],\"remark\":[\"\"],\"formCols\":[\"2\"],\"columns[0].columnId\":[\"92\"],\"columns[0].sort\":[\"1\"],\"columns[0].columnComment\":[\"主键\"],\"columns[0].javaType\":[\"Long\"],\"columns[0].javaField\":[\"econId\"],\"columns[0].isInsert\":[\"1\"],\"columns[0].queryType\":[\"EQ\"],\"columns[0].htmlType\":[\"input\"],\"columns[0].dictType\":[\"\"],\"columns[1].columnId\":[\"93\"],\"columns[1].sort\":[\"2\"],\"columns[1].columnComment\":[\"名称\"],\"columns[1].javaType\":[\"String\"],\"columns[1].javaField\":[\"econName\"],\"columns[1].isInsert\":[\"1\"],\"columns[1].isEdit\":[\"1\"],\"columns[1].isList\":[\"1\"],\"columns[1].isQuery\":[\"1\"],\"columns[1].queryType\":[\"LIKE\"],\"columns[1].isRequired\":[\"1\"],\"columns[1].htmlType\":[\"input\"],\"columns[1].dictType\":[\"\"],\"columns[2].columnId\":[\"94\"],\"columns[2].sort\":[\"3\"],\"columns[2].columnComment\":[\"单据号\"],\"columns[2].javaType\":[\"String\"],\"columns[2].javaField\":[\"docNum\"],\"columns[2].isInsert\":[\"1\"],\"columns[2].isEdit\":[\"1\"],\"columns[2].isList\":[\"1\"],\"columns[2].queryType\":[\"EQ\"],\"columns[2].isRequired\":[\"1\"],\"columns[2].isReadonly\":[\"1\"],\"columns[2].htmlType\":[\"input\"],\"columns[2].dictType\":[\"\"],\"columns[3].columnId\":[\"95\"],\"columns[3].sort\":[\"4\"],\"columns[3].columnComment\":[\"资料状态\"],\"columns[3].javaType\":[\"String\"],\"columns[3].javaField\":[\"status\"],\"columns[3].isInsert\":[\"1\"],\"columns[3].isEdit\":[\"1\"],\"columns[3].isList\":[\"1\"],\"columns[3].isQuery\":[\"1\"],\"columns[3].queryType\":[\"EQ\"],\"columns[3].isRequired\":[\"1\"],\"columns[3].htmlType\":[\"radio\"],\"columns[3].dictType\":[\"platf_doc_statu\"],\"columns[4].columnId\":[\"96\"],\"columns[4].sort\":[\"5\"],\"columns[4].columnComment\":[\"备注\"],\"columns[4].javaType\":[\"String\"],\"columns[4].javaField\":[\"remark\"],\"columns[4].isInsert\":[\"1\"],\"columns[4].isEdit\":[\"1\"],\"columns[4].isList\":[\"1\"],\"columns[4].queryType\":[\"EQ\"],\"columns[4].htmlType\":[\"textarea\"],\"columns[4].dictType\":[\"\"],\"columns[5].columnId\":[\"97\"],\"columns[5].sort\":[\"6\"],\"columns[5].columnComment\":[\"删', '{\r\n  \"msg\" : \"操作成功\",\r\n  \"code\" : 0\r\n}', '0', null, '2020-12-14 13:34:20');
INSERT INTO `sys_oper_log` VALUES ('262', '代码生成', '2', 'com.ruoyi.generator.controller.GenController.editSave()', 'POST', '1', 'admin', '研发部门', '/tool/gen/edit', '127.0.0.1', '内网IP', '{\"tableId\":[\"20\"],\"tableName\":[\"platf_econ_type\"],\"tableComment\":[\"经济类型\"],\"className\":[\"EconType\"],\"functionAuthor\":[\"dalin\"],\"remark\":[\"\"],\"formCols\":[\"2\"],\"columns[0].columnId\":[\"92\"],\"columns[0].sort\":[\"1\"],\"columns[0].columnComment\":[\"主键\"],\"columns[0].javaType\":[\"Long\"],\"columns[0].javaField\":[\"econId\"],\"columns[0].isInsert\":[\"1\"],\"columns[0].queryType\":[\"EQ\"],\"columns[0].htmlType\":[\"input\"],\"columns[0].dictType\":[\"\"],\"columns[1].columnId\":[\"93\"],\"columns[1].sort\":[\"2\"],\"columns[1].columnComment\":[\"名称\"],\"columns[1].javaType\":[\"String\"],\"columns[1].javaField\":[\"econName\"],\"columns[1].isInsert\":[\"1\"],\"columns[1].isEdit\":[\"1\"],\"columns[1].isList\":[\"1\"],\"columns[1].isQuery\":[\"1\"],\"columns[1].queryType\":[\"LIKE\"],\"columns[1].isRequired\":[\"1\"],\"columns[1].htmlType\":[\"input\"],\"columns[1].dictType\":[\"\"],\"columns[2].columnId\":[\"94\"],\"columns[2].sort\":[\"3\"],\"columns[2].columnComment\":[\"单据号\"],\"columns[2].javaType\":[\"String\"],\"columns[2].javaField\":[\"docNum\"],\"columns[2].isInsert\":[\"1\"],\"columns[2].isEdit\":[\"1\"],\"columns[2].isList\":[\"1\"],\"columns[2].queryType\":[\"EQ\"],\"columns[2].isRequired\":[\"1\"],\"columns[2].htmlType\":[\"input\"],\"columns[2].dictType\":[\"\"],\"columns[3].columnId\":[\"95\"],\"columns[3].sort\":[\"4\"],\"columns[3].columnComment\":[\"资料状态\"],\"columns[3].javaType\":[\"String\"],\"columns[3].javaField\":[\"status\"],\"columns[3].isInsert\":[\"1\"],\"columns[3].isEdit\":[\"1\"],\"columns[3].isList\":[\"1\"],\"columns[3].isQuery\":[\"1\"],\"columns[3].queryType\":[\"EQ\"],\"columns[3].isRequired\":[\"1\"],\"columns[3].isReadonly\":[\"1\"],\"columns[3].htmlType\":[\"radio\"],\"columns[3].dictType\":[\"platf_doc_statu\"],\"columns[4].columnId\":[\"96\"],\"columns[4].sort\":[\"5\"],\"columns[4].columnComment\":[\"备注\"],\"columns[4].javaType\":[\"String\"],\"columns[4].javaField\":[\"remark\"],\"columns[4].isInsert\":[\"1\"],\"columns[4].isEdit\":[\"1\"],\"columns[4].isList\":[\"1\"],\"columns[4].queryType\":[\"EQ\"],\"columns[4].htmlType\":[\"textarea\"],\"columns[4].dictType\":[\"\"],\"columns[5].columnId\":[\"97\"],\"columns[5].sort\":[\"6\"],\"columns[5].columnComment\":[\"删', '{\r\n  \"msg\" : \"操作成功\",\r\n  \"code\" : 0\r\n}', '0', null, '2020-12-14 13:41:21');
INSERT INTO `sys_oper_log` VALUES ('263', '代码生成', '2', 'com.ruoyi.generator.controller.GenController.editSave()', 'POST', '1', 'admin', '研发部门', '/tool/gen/edit', '127.0.0.1', '内网IP', '{\"tableId\":[\"20\"],\"tableName\":[\"platf_econ_type\"],\"tableComment\":[\"经济类型\"],\"className\":[\"EconType\"],\"functionAuthor\":[\"dalin\"],\"remark\":[\"\"],\"formCols\":[\"2\"],\"columns[0].columnId\":[\"92\"],\"columns[0].sort\":[\"1\"],\"columns[0].columnComment\":[\"主键\"],\"columns[0].javaType\":[\"Long\"],\"columns[0].javaField\":[\"econId\"],\"columns[0].isInsert\":[\"1\"],\"columns[0].queryType\":[\"EQ\"],\"columns[0].htmlType\":[\"input\"],\"columns[0].dictType\":[\"\"],\"columns[1].columnId\":[\"93\"],\"columns[1].sort\":[\"2\"],\"columns[1].columnComment\":[\"名称\"],\"columns[1].javaType\":[\"String\"],\"columns[1].javaField\":[\"econName\"],\"columns[1].isInsert\":[\"1\"],\"columns[1].isEdit\":[\"1\"],\"columns[1].isList\":[\"1\"],\"columns[1].isQuery\":[\"1\"],\"columns[1].queryType\":[\"LIKE\"],\"columns[1].isRequired\":[\"1\"],\"columns[1].htmlType\":[\"input\"],\"columns[1].dictType\":[\"\"],\"columns[2].columnId\":[\"94\"],\"columns[2].sort\":[\"3\"],\"columns[2].columnComment\":[\"单据号\"],\"columns[2].javaType\":[\"String\"],\"columns[2].javaField\":[\"docNum\"],\"columns[2].isInsert\":[\"1\"],\"columns[2].isEdit\":[\"1\"],\"columns[2].isList\":[\"1\"],\"columns[2].queryType\":[\"EQ\"],\"columns[2].isRequired\":[\"1\"],\"columns[2].htmlType\":[\"input\"],\"columns[2].dictType\":[\"\"],\"columns[3].columnId\":[\"95\"],\"columns[3].sort\":[\"4\"],\"columns[3].columnComment\":[\"资料状态\"],\"columns[3].javaType\":[\"String\"],\"columns[3].javaField\":[\"status\"],\"columns[3].isInsert\":[\"1\"],\"columns[3].isEdit\":[\"1\"],\"columns[3].isList\":[\"1\"],\"columns[3].isQuery\":[\"1\"],\"columns[3].queryType\":[\"EQ\"],\"columns[3].isRequired\":[\"1\"],\"columns[3].htmlType\":[\"radio\"],\"columns[3].dictType\":[\"platf_doc_statu\"],\"columns[4].columnId\":[\"96\"],\"columns[4].sort\":[\"5\"],\"columns[4].columnComment\":[\"备注\"],\"columns[4].javaType\":[\"String\"],\"columns[4].javaField\":[\"remark\"],\"columns[4].isInsert\":[\"1\"],\"columns[4].isEdit\":[\"1\"],\"columns[4].isList\":[\"1\"],\"columns[4].queryType\":[\"EQ\"],\"columns[4].htmlType\":[\"textarea\"],\"columns[4].dictType\":[\"\"],\"columns[5].columnId\":[\"97\"],\"columns[5].sort\":[\"6\"],\"columns[5].columnComment\":[\"删除标志 删除标志\"],\"columns[5].javaTyp', '{\r\n  \"msg\" : \"操作成功\",\r\n  \"code\" : 0\r\n}', '0', null, '2020-12-14 13:48:20');
INSERT INTO `sys_oper_log` VALUES ('264', '代码生成', '2', 'com.ruoyi.generator.controller.GenController.editSave()', 'POST', '1', 'admin', '研发部门', '/tool/gen/edit', '127.0.0.1', '内网IP', '{\"tableId\":[\"20\"],\"tableName\":[\"platf_econ_type\"],\"tableComment\":[\"经济类型\"],\"className\":[\"EconType\"],\"functionAuthor\":[\"dalin\"],\"remark\":[\"\"],\"formCols\":[\"2\"],\"columns[0].columnId\":[\"92\"],\"columns[0].sort\":[\"1\"],\"columns[0].columnComment\":[\"主键\"],\"columns[0].javaType\":[\"Long\"],\"columns[0].javaField\":[\"econId\"],\"columns[0].isInsert\":[\"1\"],\"columns[0].queryType\":[\"EQ\"],\"columns[0].htmlType\":[\"input\"],\"columns[0].dictType\":[\"\"],\"columns[1].columnId\":[\"93\"],\"columns[1].sort\":[\"2\"],\"columns[1].columnComment\":[\"名称\"],\"columns[1].javaType\":[\"String\"],\"columns[1].javaField\":[\"econName\"],\"columns[1].isInsert\":[\"1\"],\"columns[1].isEdit\":[\"1\"],\"columns[1].isList\":[\"1\"],\"columns[1].isQuery\":[\"1\"],\"columns[1].queryType\":[\"LIKE\"],\"columns[1].isRequired\":[\"1\"],\"columns[1].htmlType\":[\"input\"],\"columns[1].dictType\":[\"\"],\"columns[2].columnId\":[\"94\"],\"columns[2].sort\":[\"3\"],\"columns[2].columnComment\":[\"单据号\"],\"columns[2].javaType\":[\"String\"],\"columns[2].javaField\":[\"docNum\"],\"columns[2].isInsert\":[\"1\"],\"columns[2].isEdit\":[\"1\"],\"columns[2].isList\":[\"1\"],\"columns[2].queryType\":[\"EQ\"],\"columns[2].isRequired\":[\"1\"],\"columns[2].isReadonly\":[\"1\"],\"columns[2].htmlType\":[\"input\"],\"columns[2].dictType\":[\"\"],\"columns[3].columnId\":[\"95\"],\"columns[3].sort\":[\"4\"],\"columns[3].columnComment\":[\"资料状态\"],\"columns[3].javaType\":[\"String\"],\"columns[3].javaField\":[\"status\"],\"columns[3].isInsert\":[\"1\"],\"columns[3].isEdit\":[\"1\"],\"columns[3].isList\":[\"1\"],\"columns[3].isQuery\":[\"1\"],\"columns[3].queryType\":[\"EQ\"],\"columns[3].isRequired\":[\"1\"],\"columns[3].htmlType\":[\"radio\"],\"columns[3].dictType\":[\"platf_doc_statu\"],\"columns[4].columnId\":[\"96\"],\"columns[4].sort\":[\"5\"],\"columns[4].columnComment\":[\"备注\"],\"columns[4].javaType\":[\"String\"],\"columns[4].javaField\":[\"remark\"],\"columns[4].isInsert\":[\"1\"],\"columns[4].isEdit\":[\"1\"],\"columns[4].isList\":[\"1\"],\"columns[4].queryType\":[\"EQ\"],\"columns[4].htmlType\":[\"textarea\"],\"columns[4].dictType\":[\"\"],\"columns[5].columnId\":[\"97\"],\"columns[5].sort\":[\"6\"],\"columns[5].columnComment\":[\"删', '{\r\n  \"msg\" : \"操作成功\",\r\n  \"code\" : 0\r\n}', '0', null, '2020-12-14 13:50:27');
INSERT INTO `sys_oper_log` VALUES ('265', '代码生成', '2', 'com.ruoyi.generator.controller.GenController.editSave()', 'POST', '1', 'admin', '研发部门', '/tool/gen/edit', '127.0.0.1', '内网IP', '{\"tableId\":[\"20\"],\"tableName\":[\"platf_econ_type\"],\"tableComment\":[\"经济类型\"],\"className\":[\"EconType\"],\"functionAuthor\":[\"dalin\"],\"remark\":[\"\"],\"formCols\":[\"2\"],\"columns[0].columnId\":[\"92\"],\"columns[0].sort\":[\"1\"],\"columns[0].columnComment\":[\"主键\"],\"columns[0].javaType\":[\"Long\"],\"columns[0].javaField\":[\"econId\"],\"columns[0].isInsert\":[\"1\"],\"columns[0].queryType\":[\"EQ\"],\"columns[0].htmlType\":[\"input\"],\"columns[0].dictType\":[\"\"],\"columns[1].columnId\":[\"93\"],\"columns[1].sort\":[\"2\"],\"columns[1].columnComment\":[\"名称\"],\"columns[1].javaType\":[\"String\"],\"columns[1].javaField\":[\"econName\"],\"columns[1].isInsert\":[\"1\"],\"columns[1].isEdit\":[\"1\"],\"columns[1].isList\":[\"1\"],\"columns[1].isQuery\":[\"1\"],\"columns[1].queryType\":[\"LIKE\"],\"columns[1].isRequired\":[\"1\"],\"columns[1].htmlType\":[\"input\"],\"columns[1].dictType\":[\"\"],\"columns[2].columnId\":[\"94\"],\"columns[2].sort\":[\"3\"],\"columns[2].columnComment\":[\"单据号\"],\"columns[2].javaType\":[\"String\"],\"columns[2].javaField\":[\"docNum\"],\"columns[2].isInsert\":[\"1\"],\"columns[2].isEdit\":[\"1\"],\"columns[2].isList\":[\"1\"],\"columns[2].queryType\":[\"EQ\"],\"columns[2].isRequired\":[\"1\"],\"columns[2].isReadonly\":[\"1\"],\"columns[2].htmlType\":[\"input\"],\"columns[2].dictType\":[\"\"],\"columns[3].columnId\":[\"95\"],\"columns[3].sort\":[\"4\"],\"columns[3].columnComment\":[\"资料状态\"],\"columns[3].javaType\":[\"String\"],\"columns[3].javaField\":[\"status\"],\"columns[3].isInsert\":[\"1\"],\"columns[3].isEdit\":[\"1\"],\"columns[3].isList\":[\"1\"],\"columns[3].isQuery\":[\"1\"],\"columns[3].queryType\":[\"EQ\"],\"columns[3].isRequired\":[\"1\"],\"columns[3].htmlType\":[\"radio\"],\"columns[3].dictType\":[\"platf_doc_statu\"],\"columns[4].columnId\":[\"96\"],\"columns[4].sort\":[\"5\"],\"columns[4].columnComment\":[\"备注\"],\"columns[4].javaType\":[\"String\"],\"columns[4].javaField\":[\"remark\"],\"columns[4].isInsert\":[\"1\"],\"columns[4].isEdit\":[\"1\"],\"columns[4].isList\":[\"1\"],\"columns[4].queryType\":[\"EQ\"],\"columns[4].htmlType\":[\"textarea\"],\"columns[4].dictType\":[\"\"],\"columns[5].columnId\":[\"97\"],\"columns[5].sort\":[\"6\"],\"columns[5].columnComment\":[\"删', '{\r\n  \"msg\" : \"操作成功\",\r\n  \"code\" : 0\r\n}', '0', null, '2020-12-14 13:56:29');
INSERT INTO `sys_oper_log` VALUES ('266', '代码生成', '2', 'com.ruoyi.generator.controller.GenController.editSave()', 'POST', '1', 'admin', '研发部门', '/tool/gen/edit', '127.0.0.1', '内网IP', '{\"tableId\":[\"20\"],\"tableName\":[\"platf_econ_type\"],\"tableComment\":[\"经济类型\"],\"className\":[\"EconType\"],\"functionAuthor\":[\"dalin\"],\"remark\":[\"\"],\"formCols\":[\"2\"],\"columns[0].columnId\":[\"92\"],\"columns[0].sort\":[\"1\"],\"columns[0].columnComment\":[\"主键\"],\"columns[0].javaType\":[\"Long\"],\"columns[0].javaField\":[\"econId\"],\"columns[0].isInsert\":[\"1\"],\"columns[0].queryType\":[\"EQ\"],\"columns[0].htmlType\":[\"input\"],\"columns[0].dictType\":[\"\"],\"columns[1].columnId\":[\"93\"],\"columns[1].sort\":[\"2\"],\"columns[1].columnComment\":[\"名称\"],\"columns[1].javaType\":[\"String\"],\"columns[1].javaField\":[\"econName\"],\"columns[1].isInsert\":[\"1\"],\"columns[1].isEdit\":[\"1\"],\"columns[1].isList\":[\"1\"],\"columns[1].isQuery\":[\"1\"],\"columns[1].queryType\":[\"LIKE\"],\"columns[1].isRequired\":[\"1\"],\"columns[1].htmlType\":[\"input\"],\"columns[1].dictType\":[\"\"],\"columns[2].columnId\":[\"94\"],\"columns[2].sort\":[\"3\"],\"columns[2].columnComment\":[\"单据号\"],\"columns[2].javaType\":[\"String\"],\"columns[2].javaField\":[\"docNum\"],\"columns[2].isInsert\":[\"1\"],\"columns[2].isEdit\":[\"1\"],\"columns[2].isList\":[\"1\"],\"columns[2].queryType\":[\"EQ\"],\"columns[2].isRequired\":[\"1\"],\"columns[2].isReadonly\":[\"1\"],\"columns[2].htmlType\":[\"input\"],\"columns[2].dictType\":[\"\"],\"columns[3].columnId\":[\"95\"],\"columns[3].sort\":[\"4\"],\"columns[3].columnComment\":[\"资料状态\"],\"columns[3].javaType\":[\"String\"],\"columns[3].javaField\":[\"status\"],\"columns[3].isInsert\":[\"1\"],\"columns[3].isEdit\":[\"1\"],\"columns[3].isList\":[\"1\"],\"columns[3].isQuery\":[\"1\"],\"columns[3].queryType\":[\"EQ\"],\"columns[3].isRequired\":[\"1\"],\"columns[3].htmlType\":[\"radio\"],\"columns[3].dictType\":[\"platf_doc_statu\"],\"columns[4].columnId\":[\"96\"],\"columns[4].sort\":[\"5\"],\"columns[4].columnComment\":[\"备注\"],\"columns[4].javaType\":[\"String\"],\"columns[4].javaField\":[\"remark\"],\"columns[4].isInsert\":[\"1\"],\"columns[4].isEdit\":[\"1\"],\"columns[4].isList\":[\"1\"],\"columns[4].queryType\":[\"EQ\"],\"columns[4].htmlType\":[\"textarea\"],\"columns[4].dictType\":[\"\"],\"columns[5].columnId\":[\"97\"],\"columns[5].sort\":[\"6\"],\"columns[5].columnComment\":[\"删', '{\r\n  \"msg\" : \"操作成功\",\r\n  \"code\" : 0\r\n}', '0', null, '2020-12-14 14:10:02');
INSERT INTO `sys_oper_log` VALUES ('267', '代码生成', '8', 'com.ruoyi.generator.controller.GenController.download()', 'GET', '1', 'admin', '研发部门', '/tool/gen/download/platf_econ_type', '127.0.0.1', '内网IP', null, 'null', '0', null, '2020-12-14 15:02:00');
INSERT INTO `sys_oper_log` VALUES ('268', '代码生成', '8', 'com.ruoyi.generator.controller.GenController.download()', 'GET', '1', 'admin', '研发部门', '/tool/gen/download/platf_econ_type', '127.0.0.1', '内网IP', null, 'null', '0', null, '2020-12-14 15:19:11');
INSERT INTO `sys_oper_log` VALUES ('269', '代码生成', '8', 'com.ruoyi.generator.controller.GenController.download()', 'GET', '1', 'admin', '研发部门', '/tool/gen/download/platf_econ_type', '127.0.0.1', '内网IP', null, 'null', '0', null, '2020-12-14 15:23:08');
INSERT INTO `sys_oper_log` VALUES ('270', '代码生成', '8', 'com.ruoyi.generator.controller.GenController.download()', 'GET', '1', 'admin', '研发部门', '/tool/gen/download/platf_econ_type', '127.0.0.1', '内网IP', null, 'null', '0', null, '2020-12-14 15:51:01');
INSERT INTO `sys_oper_log` VALUES ('271', '代码生成', '8', 'com.ruoyi.generator.controller.GenController.download()', 'GET', '1', 'admin', '研发部门', '/tool/gen/download/platf_econ_type', '127.0.0.1', '内网IP', null, 'null', '0', null, '2020-12-14 15:56:25');
INSERT INTO `sys_oper_log` VALUES ('272', '代码生成', '8', 'com.ruoyi.generator.controller.GenController.download()', 'GET', '1', 'admin', '研发部门', '/tool/gen/download/platf_econ_type', '127.0.0.1', '内网IP', null, 'null', '0', null, '2020-12-14 15:58:28');
INSERT INTO `sys_oper_log` VALUES ('273', '代码生成', '8', 'com.ruoyi.generator.controller.GenController.download()', 'GET', '1', 'admin', '研发部门', '/tool/gen/download/platf_econ_type', '127.0.0.1', '内网IP', null, 'null', '0', null, '2020-12-14 16:10:40');
INSERT INTO `sys_oper_log` VALUES ('274', '代码生成', '2', 'com.ruoyi.generator.controller.GenController.editSave()', 'POST', '1', 'admin', '研发部门', '/tool/gen/edit', '127.0.0.1', '内网IP', '{\"tableId\":[\"20\"],\"tableName\":[\"platf_econ_type\"],\"tableComment\":[\"经济类型\"],\"className\":[\"EconType\"],\"functionAuthor\":[\"dalin\"],\"remark\":[\"\"],\"formCols\":[\"2\"],\"columns[0].columnId\":[\"92\"],\"columns[0].sort\":[\"1\"],\"columns[0].columnComment\":[\"主键\"],\"columns[0].javaType\":[\"Long\"],\"columns[0].javaField\":[\"econId\"],\"columns[0].isInsert\":[\"1\"],\"columns[0].queryType\":[\"EQ\"],\"columns[0].isReadonly\":[\"1\"],\"columns[0].htmlType\":[\"input\"],\"columns[0].dictType\":[\"\"],\"columns[1].columnId\":[\"93\"],\"columns[1].sort\":[\"2\"],\"columns[1].columnComment\":[\"名称\"],\"columns[1].javaType\":[\"String\"],\"columns[1].javaField\":[\"econName\"],\"columns[1].isInsert\":[\"1\"],\"columns[1].isEdit\":[\"1\"],\"columns[1].isList\":[\"1\"],\"columns[1].isQuery\":[\"1\"],\"columns[1].queryType\":[\"LIKE\"],\"columns[1].isRequired\":[\"1\"],\"columns[1].isReadonly\":[\"1\"],\"columns[1].htmlType\":[\"input\"],\"columns[1].dictType\":[\"\"],\"columns[2].columnId\":[\"94\"],\"columns[2].sort\":[\"3\"],\"columns[2].columnComment\":[\"单据号\"],\"columns[2].javaType\":[\"String\"],\"columns[2].javaField\":[\"docNum\"],\"columns[2].isInsert\":[\"1\"],\"columns[2].isEdit\":[\"1\"],\"columns[2].isList\":[\"1\"],\"columns[2].queryType\":[\"EQ\"],\"columns[2].isRequired\":[\"1\"],\"columns[2].isReadonly\":[\"1\"],\"columns[2].htmlType\":[\"input\"],\"columns[2].dictType\":[\"\"],\"columns[3].columnId\":[\"95\"],\"columns[3].sort\":[\"4\"],\"columns[3].columnComment\":[\"资料状态\"],\"columns[3].javaType\":[\"String\"],\"columns[3].javaField\":[\"status\"],\"columns[3].isInsert\":[\"1\"],\"columns[3].isEdit\":[\"1\"],\"columns[3].isList\":[\"1\"],\"columns[3].isQuery\":[\"1\"],\"columns[3].queryType\":[\"EQ\"],\"columns[3].isRequired\":[\"1\"],\"columns[3].htmlType\":[\"radio\"],\"columns[3].dictType\":[\"platf_doc_statu\"],\"columns[4].columnId\":[\"96\"],\"columns[4].sort\":[\"5\"],\"columns[4].columnComment\":[\"备注\"],\"columns[4].javaType\":[\"String\"],\"columns[4].javaField\":[\"remark\"],\"columns[4].isInsert\":[\"1\"],\"columns[4].isEdit\":[\"1\"],\"columns[4].isList\":[\"1\"],\"columns[4].queryType\":[\"EQ\"],\"columns[4].htmlType\":[\"textarea\"],\"columns[4].dictType\":[\"\"],\"columns[5].columnId\":[', '{\r\n  \"msg\" : \"操作成功\",\r\n  \"code\" : 0\r\n}', '0', null, '2020-12-14 16:11:49');
INSERT INTO `sys_oper_log` VALUES ('275', '代码生成', '8', 'com.ruoyi.generator.controller.GenController.download()', 'GET', '1', 'admin', '研发部门', '/tool/gen/download/platf_econ_type', '127.0.0.1', '内网IP', null, 'null', '0', null, '2020-12-14 16:13:13');
INSERT INTO `sys_oper_log` VALUES ('276', '代码生成', '8', 'com.ruoyi.generator.controller.GenController.download()', 'GET', '1', 'admin', '研发部门', '/tool/gen/download/platf_econ_type', '127.0.0.1', '内网IP', null, 'null', '0', null, '2020-12-14 16:15:24');
INSERT INTO `sys_oper_log` VALUES ('277', '代码生成', '2', 'com.ruoyi.generator.controller.GenController.editSave()', 'POST', '1', 'admin', '研发部门', '/tool/gen/edit', '127.0.0.1', '内网IP', '{\"tableId\":[\"20\"],\"tableName\":[\"platf_econ_type\"],\"tableComment\":[\"经济类型\"],\"className\":[\"EconType\"],\"functionAuthor\":[\"dalin\"],\"remark\":[\"\"],\"formCols\":[\"2\"],\"columns[0].columnId\":[\"92\"],\"columns[0].sort\":[\"1\"],\"columns[0].columnComment\":[\"主键\"],\"columns[0].javaType\":[\"Long\"],\"columns[0].javaField\":[\"econId\"],\"columns[0].isInsert\":[\"1\"],\"columns[0].queryType\":[\"EQ\"],\"columns[0].htmlType\":[\"input\"],\"columns[0].dictType\":[\"\"],\"columns[1].columnId\":[\"93\"],\"columns[1].sort\":[\"2\"],\"columns[1].columnComment\":[\"名称\"],\"columns[1].javaType\":[\"String\"],\"columns[1].javaField\":[\"econName\"],\"columns[1].isInsert\":[\"1\"],\"columns[1].isEdit\":[\"1\"],\"columns[1].isList\":[\"1\"],\"columns[1].isQuery\":[\"1\"],\"columns[1].queryType\":[\"LIKE\"],\"columns[1].isRequired\":[\"1\"],\"columns[1].htmlType\":[\"input\"],\"columns[1].dictType\":[\"\"],\"columns[2].columnId\":[\"94\"],\"columns[2].sort\":[\"3\"],\"columns[2].columnComment\":[\"单据号\"],\"columns[2].javaType\":[\"String\"],\"columns[2].javaField\":[\"docNum\"],\"columns[2].isInsert\":[\"1\"],\"columns[2].isEdit\":[\"1\"],\"columns[2].isList\":[\"1\"],\"columns[2].queryType\":[\"EQ\"],\"columns[2].isRequired\":[\"1\"],\"columns[2].isReadonly\":[\"1\"],\"columns[2].htmlType\":[\"input\"],\"columns[2].dictType\":[\"\"],\"columns[3].columnId\":[\"95\"],\"columns[3].sort\":[\"4\"],\"columns[3].columnComment\":[\"资料状态\"],\"columns[3].javaType\":[\"String\"],\"columns[3].javaField\":[\"status\"],\"columns[3].isInsert\":[\"1\"],\"columns[3].isEdit\":[\"1\"],\"columns[3].isList\":[\"1\"],\"columns[3].isQuery\":[\"1\"],\"columns[3].queryType\":[\"EQ\"],\"columns[3].isRequired\":[\"1\"],\"columns[3].htmlType\":[\"radio\"],\"columns[3].dictType\":[\"platf_doc_statu\"],\"columns[4].columnId\":[\"96\"],\"columns[4].sort\":[\"5\"],\"columns[4].columnComment\":[\"备注\"],\"columns[4].javaType\":[\"String\"],\"columns[4].javaField\":[\"remark\"],\"columns[4].isInsert\":[\"1\"],\"columns[4].isEdit\":[\"1\"],\"columns[4].isList\":[\"1\"],\"columns[4].queryType\":[\"EQ\"],\"columns[4].htmlType\":[\"textarea\"],\"columns[4].dictType\":[\"\"],\"columns[5].columnId\":[\"97\"],\"columns[5].sort\":[\"6\"],\"columns[5].columnComment\":[\"删', '{\r\n  \"msg\" : \"操作成功\",\r\n  \"code\" : 0\r\n}', '0', null, '2020-12-14 16:17:55');
INSERT INTO `sys_oper_log` VALUES ('278', '代码生成', '6', 'com.ruoyi.generator.controller.GenController.importTableSave()', 'POST', '1', 'admin', '研发部门', '/tool/gen/importTable', '127.0.0.1', '内网IP', '{\"tables\":[\"platf_nation\"]}', '{\r\n  \"msg\" : \"操作成功\",\r\n  \"code\" : 0\r\n}', '0', null, '2020-12-14 16:28:36');
INSERT INTO `sys_oper_log` VALUES ('279', '代码生成', '3', 'com.ruoyi.generator.controller.GenController.remove()', 'POST', '1', 'admin', '研发部门', '/tool/gen/remove', '127.0.0.1', '内网IP', '{\"ids\":[\"21\"]}', '{\r\n  \"msg\" : \"操作成功\",\r\n  \"code\" : 0\r\n}', '0', null, '2020-12-14 16:28:45');
INSERT INTO `sys_oper_log` VALUES ('280', '代码生成', '6', 'com.ruoyi.generator.controller.GenController.importTableSave()', 'POST', '1', 'admin', '研发部门', '/tool/gen/importTable', '127.0.0.1', '内网IP', '{\"tables\":[\"platf_nation\"]}', '{\r\n  \"msg\" : \"操作成功\",\r\n  \"code\" : 0\r\n}', '0', null, '2020-12-14 16:37:51');
INSERT INTO `sys_oper_log` VALUES ('281', '代码生成', '3', 'com.ruoyi.generator.controller.GenController.remove()', 'POST', '1', 'admin', '研发部门', '/tool/gen/remove', '127.0.0.1', '内网IP', '{\"ids\":[\"22\"]}', '{\r\n  \"msg\" : \"操作成功\",\r\n  \"code\" : 0\r\n}', '0', null, '2020-12-14 16:38:45');
INSERT INTO `sys_oper_log` VALUES ('282', '代码生成', '6', 'com.ruoyi.generator.controller.GenController.importTableSave()', 'POST', '1', 'admin', '研发部门', '/tool/gen/importTable', '127.0.0.1', '内网IP', '{\"tables\":[\"platf_nation\"]}', '{\r\n  \"msg\" : \"操作成功\",\r\n  \"code\" : 0\r\n}', '0', null, '2020-12-14 16:39:02');
INSERT INTO `sys_oper_log` VALUES ('283', '代码生成', '8', 'com.ruoyi.generator.controller.GenController.download()', 'GET', '1', 'admin', '研发部门', '/tool/gen/download/platf_nation', '127.0.0.1', '内网IP', null, 'null', '0', null, '2020-12-14 16:42:53');
INSERT INTO `sys_oper_log` VALUES ('284', '代码生成', '3', 'com.ruoyi.generator.controller.GenController.remove()', 'POST', '1', 'admin', '研发部门', '/tool/gen/remove', '127.0.0.1', '内网IP', '{\"ids\":[\"23\"]}', '{\r\n  \"msg\" : \"操作成功\",\r\n  \"code\" : 0\r\n}', '0', null, '2020-12-14 16:45:14');
INSERT INTO `sys_oper_log` VALUES ('285', '代码生成', '6', 'com.ruoyi.generator.controller.GenController.importTableSave()', 'POST', '1', 'admin', '研发部门', '/tool/gen/importTable', '127.0.0.1', '内网IP', '{\"tables\":[\"platf_nation\"]}', '{\r\n  \"msg\" : \"操作成功\",\r\n  \"code\" : 0\r\n}', '0', null, '2020-12-14 16:45:27');
INSERT INTO `sys_oper_log` VALUES ('286', '代码生成', '3', 'com.ruoyi.generator.controller.GenController.remove()', 'POST', '1', 'admin', '研发部门', '/tool/gen/remove', '127.0.0.1', '内网IP', '{\"ids\":[\"24\"]}', '{\r\n  \"msg\" : \"操作成功\",\r\n  \"code\" : 0\r\n}', '0', null, '2020-12-14 16:47:10');
INSERT INTO `sys_oper_log` VALUES ('287', '代码生成', '6', 'com.ruoyi.generator.controller.GenController.importTableSave()', 'POST', '1', 'admin', '研发部门', '/tool/gen/importTable', '127.0.0.1', '内网IP', '{\"tables\":[\"platf_nation\"]}', '{\r\n  \"msg\" : \"操作成功\",\r\n  \"code\" : 0\r\n}', '0', null, '2020-12-14 16:47:21');
INSERT INTO `sys_oper_log` VALUES ('288', '代码生成', '3', 'com.ruoyi.generator.controller.GenController.remove()', 'POST', '1', 'admin', '研发部门', '/tool/gen/remove', '127.0.0.1', '内网IP', '{\"ids\":[\"25\"]}', '{\r\n  \"msg\" : \"操作成功\",\r\n  \"code\" : 0\r\n}', '0', null, '2020-12-14 16:48:01');
INSERT INTO `sys_oper_log` VALUES ('289', '代码生成', '6', 'com.ruoyi.generator.controller.GenController.importTableSave()', 'POST', '1', 'admin', '研发部门', '/tool/gen/importTable', '127.0.0.1', '内网IP', '{\"tables\":[\"platf_nation\"]}', '{\r\n  \"msg\" : \"操作成功\",\r\n  \"code\" : 0\r\n}', '0', null, '2020-12-14 16:59:47');
INSERT INTO `sys_oper_log` VALUES ('290', '代码生成', '3', 'com.ruoyi.generator.controller.GenController.remove()', 'POST', '1', 'admin', '研发部门', '/tool/gen/remove', '127.0.0.1', '内网IP', '{\"ids\":[\"26\"]}', '{\r\n  \"msg\" : \"操作成功\",\r\n  \"code\" : 0\r\n}', '0', null, '2020-12-14 16:59:56');
INSERT INTO `sys_oper_log` VALUES ('291', '代码生成', '6', 'com.ruoyi.generator.controller.GenController.importTableSave()', 'POST', '1', 'admin', '研发部门', '/tool/gen/importTable', '127.0.0.1', '内网IP', '{\"tables\":[\"platf_nation\"]}', '{\r\n  \"msg\" : \"操作成功\",\r\n  \"code\" : 0\r\n}', '0', null, '2020-12-14 17:03:41');
INSERT INTO `sys_oper_log` VALUES ('292', '代码生成', '3', 'com.ruoyi.generator.controller.GenController.remove()', 'POST', '1', 'admin', '研发部门', '/tool/gen/remove', '127.0.0.1', '内网IP', '{\"ids\":[\"27\"]}', '{\r\n  \"msg\" : \"操作成功\",\r\n  \"code\" : 0\r\n}', '0', null, '2020-12-14 17:04:18');
INSERT INTO `sys_oper_log` VALUES ('293', '代码生成', '6', 'com.ruoyi.generator.controller.GenController.importTableSave()', 'POST', '1', 'admin', '研发部门', '/tool/gen/importTable', '127.0.0.1', '内网IP', '{\"tables\":[\"platf_nation\"]}', '{\r\n  \"msg\" : \"操作成功\",\r\n  \"code\" : 0\r\n}', '0', null, '2020-12-14 17:05:07');
INSERT INTO `sys_oper_log` VALUES ('294', '代码生成', '3', 'com.ruoyi.generator.controller.GenController.remove()', 'POST', '1', 'admin', '研发部门', '/tool/gen/remove', '127.0.0.1', '内网IP', '{\"ids\":[\"28\"]}', '{\r\n  \"msg\" : \"操作成功\",\r\n  \"code\" : 0\r\n}', '0', null, '2020-12-14 17:09:40');
INSERT INTO `sys_oper_log` VALUES ('295', '代码生成', '6', 'com.ruoyi.generator.controller.GenController.importTableSave()', 'POST', '1', 'admin', '研发部门', '/tool/gen/importTable', '127.0.0.1', '内网IP', '{\"tables\":[\"platf_nation\"]}', '{\r\n  \"msg\" : \"操作成功\",\r\n  \"code\" : 0\r\n}', '0', null, '2020-12-14 17:09:45');
INSERT INTO `sys_oper_log` VALUES ('296', '代码生成', '3', 'com.ruoyi.generator.controller.GenController.remove()', 'POST', '1', 'admin', '研发部门', '/tool/gen/remove', '127.0.0.1', '内网IP', '{\"ids\":[\"29\"]}', '{\r\n  \"msg\" : \"操作成功\",\r\n  \"code\" : 0\r\n}', '0', null, '2020-12-14 17:11:01');
INSERT INTO `sys_oper_log` VALUES ('297', '代码生成', '6', 'com.ruoyi.generator.controller.GenController.importTableSave()', 'POST', '1', 'admin', '研发部门', '/tool/gen/importTable', '127.0.0.1', '内网IP', '{\"tables\":[\"platf_nation\"]}', '{\r\n  \"msg\" : \"操作成功\",\r\n  \"code\" : 0\r\n}', '0', null, '2020-12-14 17:17:12');
INSERT INTO `sys_oper_log` VALUES ('298', '代码生成', '2', 'com.ruoyi.generator.controller.GenController.editSave()', 'POST', '1', 'admin', '研发部门', '/tool/gen/edit', '127.0.0.1', '内网IP', '{\"tableId\":[\"30\"],\"tableName\":[\"platf_nation\"],\"tableComment\":[\"民族资料 \"],\"className\":[\"Nation\"],\"functionAuthor\":[\"dalin\"],\"remark\":[\"\"],\"formCols\":[\"2\"],\"columns[0].columnId\":[\"210\"],\"columns[0].sort\":[\"1\"],\"columns[0].columnComment\":[\"主键\"],\"columns[0].javaType\":[\"Long\"],\"columns[0].javaField\":[\"nationId\"],\"columns[0].isInsert\":[\"1\"],\"columns[0].queryType\":[\"EQ\"],\"columns[0].htmlType\":[\"input\"],\"columns[0].dictType\":[\"\"],\"columns[1].columnId\":[\"211\"],\"columns[1].sort\":[\"2\"],\"columns[1].columnComment\":[\"名称\"],\"columns[1].javaType\":[\"String\"],\"columns[1].javaField\":[\"nationName\"],\"columns[1].isInsert\":[\"1\"],\"columns[1].isEdit\":[\"1\"],\"columns[1].isList\":[\"1\"],\"columns[1].isQuery\":[\"1\"],\"columns[1].queryType\":[\"LIKE\"],\"columns[1].isRequired\":[\"1\"],\"columns[1].htmlType\":[\"input\"],\"columns[1].dictType\":[\"\"],\"columns[2].columnId\":[\"212\"],\"columns[2].sort\":[\"3\"],\"columns[2].columnComment\":[\"自定义编号\"],\"columns[2].javaType\":[\"String\"],\"columns[2].javaField\":[\"nationCustomNum\"],\"columns[2].isInsert\":[\"1\"],\"columns[2].isEdit\":[\"1\"],\"columns[2].isList\":[\"1\"],\"columns[2].isQuery\":[\"1\"],\"columns[2].queryType\":[\"EQ\"],\"columns[2].htmlType\":[\"input\"],\"columns[2].dictType\":[\"\"],\"columns[3].columnId\":[\"213\"],\"columns[3].sort\":[\"4\"],\"columns[3].columnComment\":[\"单据号\"],\"columns[3].javaType\":[\"String\"],\"columns[3].javaField\":[\"docNum\"],\"columns[3].isInsert\":[\"1\"],\"columns[3].isEdit\":[\"1\"],\"columns[3].isList\":[\"1\"],\"columns[3].isQuery\":[\"1\"],\"columns[3].queryType\":[\"EQ\"],\"columns[3].isReadonly\":[\"1\"],\"columns[3].htmlType\":[\"input\"],\"columns[3].dictType\":[\"\"],\"columns[4].columnId\":[\"214\"],\"columns[4].sort\":[\"5\"],\"columns[4].columnComment\":[\"资料状\"],\"columns[4].javaType\":[\"String\"],\"columns[4].javaField\":[\"status\"],\"columns[4].isInsert\":[\"1\"],\"columns[4].isEdit\":[\"1\"],\"columns[4].isList\":[\"1\"],\"columns[4].isQuery\":[\"1\"],\"columns[4].queryType\":[\"EQ\"],\"columns[4].htmlType\":[\"radio\"],\"columns[4].dictType\":[\"\"],\"columns[5].columnId\":[\"215\"],\"columns[5].sort\":[\"6\"],\"columns[5].columnComment\":[\"备注\"],\"co', '{\r\n  \"msg\" : \"操作成功\",\r\n  \"code\" : 0\r\n}', '0', null, '2020-12-14 17:17:47');
INSERT INTO `sys_oper_log` VALUES ('299', '代码生成', '2', 'com.ruoyi.generator.controller.GenController.editSave()', 'POST', '1', 'admin', '研发部门', '/tool/gen/edit', '127.0.0.1', '内网IP', '{\"tableId\":[\"30\"],\"tableName\":[\"platf_nation\"],\"tableComment\":[\"民族资料\"],\"className\":[\"Nation\"],\"functionAuthor\":[\"dalin\"],\"remark\":[\"\"],\"formCols\":[\"2\"],\"columns[0].columnId\":[\"210\"],\"columns[0].sort\":[\"1\"],\"columns[0].columnComment\":[\"主键\"],\"columns[0].javaType\":[\"Long\"],\"columns[0].javaField\":[\"nationId\"],\"columns[0].isInsert\":[\"1\"],\"columns[0].queryType\":[\"EQ\"],\"columns[0].htmlType\":[\"input\"],\"columns[0].dictType\":[\"\"],\"columns[1].columnId\":[\"211\"],\"columns[1].sort\":[\"2\"],\"columns[1].columnComment\":[\"名称\"],\"columns[1].javaType\":[\"String\"],\"columns[1].javaField\":[\"nationName\"],\"columns[1].isInsert\":[\"1\"],\"columns[1].isEdit\":[\"1\"],\"columns[1].isList\":[\"1\"],\"columns[1].isQuery\":[\"1\"],\"columns[1].queryType\":[\"LIKE\"],\"columns[1].isRequired\":[\"1\"],\"columns[1].htmlType\":[\"input\"],\"columns[1].dictType\":[\"\"],\"columns[2].columnId\":[\"212\"],\"columns[2].sort\":[\"3\"],\"columns[2].columnComment\":[\"自定义编号\"],\"columns[2].javaType\":[\"String\"],\"columns[2].javaField\":[\"nationCustomNum\"],\"columns[2].queryType\":[\"EQ\"],\"columns[2].htmlType\":[\"input\"],\"columns[2].dictType\":[\"\"],\"columns[3].columnId\":[\"213\"],\"columns[3].sort\":[\"4\"],\"columns[3].columnComment\":[\"单据号\"],\"columns[3].javaType\":[\"String\"],\"columns[3].javaField\":[\"docNum\"],\"columns[3].isInsert\":[\"1\"],\"columns[3].isEdit\":[\"1\"],\"columns[3].isList\":[\"1\"],\"columns[3].isQuery\":[\"1\"],\"columns[3].queryType\":[\"EQ\"],\"columns[3].isReadonly\":[\"1\"],\"columns[3].htmlType\":[\"input\"],\"columns[3].dictType\":[\"\"],\"columns[4].columnId\":[\"214\"],\"columns[4].sort\":[\"5\"],\"columns[4].columnComment\":[\"资料状\"],\"columns[4].javaType\":[\"String\"],\"columns[4].javaField\":[\"status\"],\"columns[4].isInsert\":[\"1\"],\"columns[4].isEdit\":[\"1\"],\"columns[4].isList\":[\"1\"],\"columns[4].isQuery\":[\"1\"],\"columns[4].queryType\":[\"EQ\"],\"columns[4].htmlType\":[\"radio\"],\"columns[4].dictType\":[\"\"],\"columns[5].columnId\":[\"215\"],\"columns[5].sort\":[\"6\"],\"columns[5].columnComment\":[\"备注\"],\"columns[5].javaType\":[\"String\"],\"columns[5].javaField\":[\"remark\"],\"columns[5].isInsert\":[\"1\"],\"columns[5].isEd', '{\r\n  \"msg\" : \"操作成功\",\r\n  \"code\" : 0\r\n}', '0', null, '2020-12-14 17:19:38');
INSERT INTO `sys_oper_log` VALUES ('300', '代码生成', '3', 'com.ruoyi.generator.controller.GenController.remove()', 'POST', '1', 'admin', '研发部门', '/tool/gen/remove', '127.0.0.1', '内网IP', '{\"ids\":[\"30\"]}', '{\r\n  \"msg\" : \"操作成功\",\r\n  \"code\" : 0\r\n}', '0', null, '2020-12-14 17:20:04');
INSERT INTO `sys_oper_log` VALUES ('301', '代码生成', '6', 'com.ruoyi.generator.controller.GenController.importTableSave()', 'POST', '1', 'admin', '研发部门', '/tool/gen/importTable', '127.0.0.1', '内网IP', '{\"tables\":[\"platf_nation\"]}', '{\r\n  \"msg\" : \"操作成功\",\r\n  \"code\" : 0\r\n}', '0', null, '2020-12-14 17:23:13');
INSERT INTO `sys_oper_log` VALUES ('302', '代码生成', '8', 'com.ruoyi.generator.controller.GenController.download()', 'GET', '1', 'admin', '研发部门', '/tool/gen/download/platf_econ_type', '127.0.0.1', '内网IP', null, 'null', '0', null, '2020-12-14 17:26:13');

-- ----------------------------
-- Table structure for sys_post
-- ----------------------------
DROP TABLE IF EXISTS `sys_post`;
CREATE TABLE `sys_post` (
  `post_id` bigint(20) NOT NULL AUTO_INCREMENT COMMENT '岗位ID',
  `post_code` varchar(64) NOT NULL COMMENT '岗位编码',
  `post_name` varchar(50) NOT NULL COMMENT '岗位名称',
  `post_sort` int(4) NOT NULL COMMENT '显示顺序',
  `status` char(1) NOT NULL COMMENT '状态（0正常 1停用）',
  `create_by` varchar(64) DEFAULT '' COMMENT '创建者',
  `create_time` datetime DEFAULT NULL COMMENT '创建时间',
  `update_by` varchar(64) DEFAULT '' COMMENT '更新者',
  `update_time` datetime DEFAULT NULL COMMENT '更新时间',
  `remark` varchar(500) DEFAULT NULL COMMENT '备注',
  PRIMARY KEY (`post_id`)
) ENGINE=InnoDB AUTO_INCREMENT=5 DEFAULT CHARSET=utf8 COMMENT='岗位信息表';

-- ----------------------------
-- Records of sys_post
-- ----------------------------
INSERT INTO `sys_post` VALUES ('1', 'ceo', '董事长', '1', '0', 'admin', '2020-12-08 07:51:59', '', null, '');
INSERT INTO `sys_post` VALUES ('2', 'se', '项目经理', '2', '0', 'admin', '2020-12-08 07:51:59', '', null, '');
INSERT INTO `sys_post` VALUES ('3', 'hr', '人力资源', '3', '0', 'admin', '2020-12-08 07:51:59', '', null, '');
INSERT INTO `sys_post` VALUES ('4', 'user', '普通员工', '4', '0', 'admin', '2020-12-08 07:51:59', '', null, '');

-- ----------------------------
-- Table structure for sys_role
-- ----------------------------
DROP TABLE IF EXISTS `sys_role`;
CREATE TABLE `sys_role` (
  `role_id` bigint(20) NOT NULL AUTO_INCREMENT COMMENT '角色ID',
  `role_name` varchar(30) NOT NULL COMMENT '角色名称',
  `role_key` varchar(100) NOT NULL COMMENT '角色权限字符串',
  `role_sort` int(4) NOT NULL COMMENT '显示顺序',
  `data_scope` char(1) DEFAULT '1' COMMENT '数据范围（1：全部数据权限 2：自定数据权限 3：本部门数据权限 4：本部门及以下数据权限）',
  `status` char(1) NOT NULL COMMENT '角色状态（0正常 1停用）',
  `del_flag` char(1) DEFAULT '0' COMMENT '删除标志（0代表存在 2代表删除）',
  `create_by` varchar(64) DEFAULT '' COMMENT '创建者',
  `create_time` datetime DEFAULT NULL COMMENT '创建时间',
  `update_by` varchar(64) DEFAULT '' COMMENT '更新者',
  `update_time` datetime DEFAULT NULL COMMENT '更新时间',
  `remark` varchar(500) DEFAULT NULL COMMENT '备注',
  PRIMARY KEY (`role_id`)
) ENGINE=InnoDB AUTO_INCREMENT=3 DEFAULT CHARSET=utf8 COMMENT='角色信息表';

-- ----------------------------
-- Records of sys_role
-- ----------------------------
INSERT INTO `sys_role` VALUES ('1', '超级管理员', 'admin', '1', '1', '0', '0', 'admin', '2020-12-08 07:51:59', '', null, '超级管理员');
INSERT INTO `sys_role` VALUES ('2', '普通角色', 'common', '2', '2', '0', '0', 'admin', '2020-12-08 07:51:59', '', null, '普通角色');

-- ----------------------------
-- Table structure for sys_role_dept
-- ----------------------------
DROP TABLE IF EXISTS `sys_role_dept`;
CREATE TABLE `sys_role_dept` (
  `role_id` bigint(20) NOT NULL COMMENT '角色ID',
  `dept_id` bigint(20) NOT NULL COMMENT '部门ID',
  PRIMARY KEY (`role_id`,`dept_id`)
) ENGINE=InnoDB DEFAULT CHARSET=utf8 COMMENT='角色和部门关联表';

-- ----------------------------
-- Records of sys_role_dept
-- ----------------------------
INSERT INTO `sys_role_dept` VALUES ('2', '100');
INSERT INTO `sys_role_dept` VALUES ('2', '101');
INSERT INTO `sys_role_dept` VALUES ('2', '105');

-- ----------------------------
-- Table structure for sys_role_menu
-- ----------------------------
DROP TABLE IF EXISTS `sys_role_menu`;
CREATE TABLE `sys_role_menu` (
  `role_id` bigint(20) NOT NULL COMMENT '角色ID',
  `menu_id` bigint(20) NOT NULL COMMENT '菜单ID',
  PRIMARY KEY (`role_id`,`menu_id`)
) ENGINE=InnoDB DEFAULT CHARSET=utf8 COMMENT='角色和菜单关联表';

-- ----------------------------
-- Records of sys_role_menu
-- ----------------------------
INSERT INTO `sys_role_menu` VALUES ('2', '1');
INSERT INTO `sys_role_menu` VALUES ('2', '2');
INSERT INTO `sys_role_menu` VALUES ('2', '3');
INSERT INTO `sys_role_menu` VALUES ('2', '4');
INSERT INTO `sys_role_menu` VALUES ('2', '100');
INSERT INTO `sys_role_menu` VALUES ('2', '101');
INSERT INTO `sys_role_menu` VALUES ('2', '102');
INSERT INTO `sys_role_menu` VALUES ('2', '103');
INSERT INTO `sys_role_menu` VALUES ('2', '104');
INSERT INTO `sys_role_menu` VALUES ('2', '105');
INSERT INTO `sys_role_menu` VALUES ('2', '106');
INSERT INTO `sys_role_menu` VALUES ('2', '107');
INSERT INTO `sys_role_menu` VALUES ('2', '108');
INSERT INTO `sys_role_menu` VALUES ('2', '109');
INSERT INTO `sys_role_menu` VALUES ('2', '110');
INSERT INTO `sys_role_menu` VALUES ('2', '111');
INSERT INTO `sys_role_menu` VALUES ('2', '112');
INSERT INTO `sys_role_menu` VALUES ('2', '113');
INSERT INTO `sys_role_menu` VALUES ('2', '114');
INSERT INTO `sys_role_menu` VALUES ('2', '115');
INSERT INTO `sys_role_menu` VALUES ('2', '116');
INSERT INTO `sys_role_menu` VALUES ('2', '500');
INSERT INTO `sys_role_menu` VALUES ('2', '501');
INSERT INTO `sys_role_menu` VALUES ('2', '1000');
INSERT INTO `sys_role_menu` VALUES ('2', '1001');
INSERT INTO `sys_role_menu` VALUES ('2', '1002');
INSERT INTO `sys_role_menu` VALUES ('2', '1003');
INSERT INTO `sys_role_menu` VALUES ('2', '1004');
INSERT INTO `sys_role_menu` VALUES ('2', '1005');
INSERT INTO `sys_role_menu` VALUES ('2', '1006');
INSERT INTO `sys_role_menu` VALUES ('2', '1007');
INSERT INTO `sys_role_menu` VALUES ('2', '1008');
INSERT INTO `sys_role_menu` VALUES ('2', '1009');
INSERT INTO `sys_role_menu` VALUES ('2', '1010');
INSERT INTO `sys_role_menu` VALUES ('2', '1011');
INSERT INTO `sys_role_menu` VALUES ('2', '1012');
INSERT INTO `sys_role_menu` VALUES ('2', '1013');
INSERT INTO `sys_role_menu` VALUES ('2', '1014');
INSERT INTO `sys_role_menu` VALUES ('2', '1015');
INSERT INTO `sys_role_menu` VALUES ('2', '1016');
INSERT INTO `sys_role_menu` VALUES ('2', '1017');
INSERT INTO `sys_role_menu` VALUES ('2', '1018');
INSERT INTO `sys_role_menu` VALUES ('2', '1019');
INSERT INTO `sys_role_menu` VALUES ('2', '1020');
INSERT INTO `sys_role_menu` VALUES ('2', '1021');
INSERT INTO `sys_role_menu` VALUES ('2', '1022');
INSERT INTO `sys_role_menu` VALUES ('2', '1023');
INSERT INTO `sys_role_menu` VALUES ('2', '1024');
INSERT INTO `sys_role_menu` VALUES ('2', '1025');
INSERT INTO `sys_role_menu` VALUES ('2', '1026');
INSERT INTO `sys_role_menu` VALUES ('2', '1027');
INSERT INTO `sys_role_menu` VALUES ('2', '1028');
INSERT INTO `sys_role_menu` VALUES ('2', '1029');
INSERT INTO `sys_role_menu` VALUES ('2', '1030');
INSERT INTO `sys_role_menu` VALUES ('2', '1031');
INSERT INTO `sys_role_menu` VALUES ('2', '1032');
INSERT INTO `sys_role_menu` VALUES ('2', '1033');
INSERT INTO `sys_role_menu` VALUES ('2', '1034');
INSERT INTO `sys_role_menu` VALUES ('2', '1035');
INSERT INTO `sys_role_menu` VALUES ('2', '1036');
INSERT INTO `sys_role_menu` VALUES ('2', '1037');
INSERT INTO `sys_role_menu` VALUES ('2', '1038');
INSERT INTO `sys_role_menu` VALUES ('2', '1039');
INSERT INTO `sys_role_menu` VALUES ('2', '1040');
INSERT INTO `sys_role_menu` VALUES ('2', '1041');
INSERT INTO `sys_role_menu` VALUES ('2', '1042');
INSERT INTO `sys_role_menu` VALUES ('2', '1043');
INSERT INTO `sys_role_menu` VALUES ('2', '1044');
INSERT INTO `sys_role_menu` VALUES ('2', '1045');
INSERT INTO `sys_role_menu` VALUES ('2', '1046');
INSERT INTO `sys_role_menu` VALUES ('2', '1047');
INSERT INTO `sys_role_menu` VALUES ('2', '1048');
INSERT INTO `sys_role_menu` VALUES ('2', '1049');
INSERT INTO `sys_role_menu` VALUES ('2', '1050');
INSERT INTO `sys_role_menu` VALUES ('2', '1051');
INSERT INTO `sys_role_menu` VALUES ('2', '1052');
INSERT INTO `sys_role_menu` VALUES ('2', '1053');
INSERT INTO `sys_role_menu` VALUES ('2', '1054');
INSERT INTO `sys_role_menu` VALUES ('2', '1055');
INSERT INTO `sys_role_menu` VALUES ('2', '1056');
INSERT INTO `sys_role_menu` VALUES ('2', '1057');
INSERT INTO `sys_role_menu` VALUES ('2', '1058');
INSERT INTO `sys_role_menu` VALUES ('2', '1059');
INSERT INTO `sys_role_menu` VALUES ('2', '1060');
INSERT INTO `sys_role_menu` VALUES ('2', '1061');

-- ----------------------------
-- Table structure for sys_user
-- ----------------------------
DROP TABLE IF EXISTS `sys_user`;
CREATE TABLE `sys_user` (
  `user_id` bigint(20) NOT NULL AUTO_INCREMENT COMMENT '用户ID',
  `dept_id` bigint(20) DEFAULT NULL COMMENT '部门ID',
  `login_name` varchar(30) NOT NULL COMMENT '登录账号',
  `user_name` varchar(30) DEFAULT '' COMMENT '用户昵称',
  `user_type` varchar(2) DEFAULT '00' COMMENT '用户类型（00系统用户 01注册用户）',
  `email` varchar(50) DEFAULT '' COMMENT '用户邮箱',
  `phonenumber` varchar(11) DEFAULT '' COMMENT '手机号码',
  `sex` char(1) DEFAULT '0' COMMENT '用户性别（0男 1女 2未知）',
  `avatar` varchar(100) DEFAULT '' COMMENT '头像路径',
  `password` varchar(50) DEFAULT '' COMMENT '密码',
  `salt` varchar(20) DEFAULT '' COMMENT '盐加密',
  `status` char(1) DEFAULT '0' COMMENT '帐号状态（0正常 1停用）',
  `del_flag` char(1) DEFAULT '0' COMMENT '删除标志（0代表存在 2代表删除）',
  `login_ip` varchar(50) DEFAULT '' COMMENT '最后登录IP',
  `login_date` datetime DEFAULT NULL COMMENT '最后登录时间',
  `pwd_update_date` datetime DEFAULT NULL COMMENT '密码最后更新时间',
  `create_by` varchar(64) DEFAULT '' COMMENT '创建者',
  `create_time` datetime DEFAULT NULL COMMENT '创建时间',
  `update_by` varchar(64) DEFAULT '' COMMENT '更新者',
  `update_time` datetime DEFAULT NULL COMMENT '更新时间',
  `remark` varchar(500) DEFAULT NULL COMMENT '备注',
  PRIMARY KEY (`user_id`)
) ENGINE=InnoDB AUTO_INCREMENT=3 DEFAULT CHARSET=utf8 COMMENT='用户信息表';

-- ----------------------------
-- Records of sys_user
-- ----------------------------
INSERT INTO `sys_user` VALUES ('1', '103', 'admin', '若依', '00', 'ry@163.com', '15888888888', '1', '', '29c67a30398638269fe600f73a054934', '111111', '0', '0', '127.0.0.1', '2020-12-14 17:22:55', '2020-12-08 07:51:59', 'admin', '2020-12-08 07:51:59', '', '2020-12-14 17:22:54', '管理员');
INSERT INTO `sys_user` VALUES ('2', '105', 'ry', '若依', '00', 'ry@qq.com', '15666666666', '1', '', '8e6d98b90472783cc73c17047ddccf36', '222222', '0', '0', '127.0.0.1', '2020-12-08 07:51:59', '2020-12-08 07:51:59', 'admin', '2020-12-08 07:51:59', '', null, '测试员');

-- ----------------------------
-- Table structure for sys_user_online
-- ----------------------------
DROP TABLE IF EXISTS `sys_user_online`;
CREATE TABLE `sys_user_online` (
  `sessionId` varchar(50) NOT NULL DEFAULT '' COMMENT '用户会话id',
  `login_name` varchar(50) DEFAULT '' COMMENT '登录账号',
  `dept_name` varchar(50) DEFAULT '' COMMENT '部门名称',
  `ipaddr` varchar(50) DEFAULT '' COMMENT '登录IP地址',
  `login_location` varchar(255) DEFAULT '' COMMENT '登录地点',
  `browser` varchar(50) DEFAULT '' COMMENT '浏览器类型',
  `os` varchar(50) DEFAULT '' COMMENT '操作系统',
  `status` varchar(10) DEFAULT '' COMMENT '在线状态on_line在线off_line离线',
  `start_timestamp` datetime DEFAULT NULL COMMENT 'session创建时间',
  `last_access_time` datetime DEFAULT NULL COMMENT 'session最后访问时间',
  `expire_time` int(5) DEFAULT '0' COMMENT '超时时间，单位为分钟',
  PRIMARY KEY (`sessionId`)
) ENGINE=InnoDB DEFAULT CHARSET=utf8 COMMENT='在线用户记录';

-- ----------------------------
-- Records of sys_user_online
-- ----------------------------
INSERT INTO `sys_user_online` VALUES ('5b4878d2-20a5-436d-8c76-90db6da3e75b', 'admin', '研发部门', '127.0.0.1', '内网IP', 'Chrome 45', 'Windows 7', 'on_line', '2020-12-14 16:08:52', '2020-12-14 17:36:06', '1800000');

-- ----------------------------
-- Table structure for sys_user_post
-- ----------------------------
DROP TABLE IF EXISTS `sys_user_post`;
CREATE TABLE `sys_user_post` (
  `user_id` bigint(20) NOT NULL COMMENT '用户ID',
  `post_id` bigint(20) NOT NULL COMMENT '岗位ID',
  PRIMARY KEY (`user_id`,`post_id`)
) ENGINE=InnoDB DEFAULT CHARSET=utf8 COMMENT='用户与岗位关联表';

-- ----------------------------
-- Records of sys_user_post
-- ----------------------------
INSERT INTO `sys_user_post` VALUES ('1', '1');
INSERT INTO `sys_user_post` VALUES ('2', '2');

-- ----------------------------
-- Table structure for sys_user_role
-- ----------------------------
DROP TABLE IF EXISTS `sys_user_role`;
CREATE TABLE `sys_user_role` (
  `user_id` bigint(20) NOT NULL COMMENT '用户ID',
  `role_id` bigint(20) NOT NULL COMMENT '角色ID',
  PRIMARY KEY (`user_id`,`role_id`)
) ENGINE=InnoDB DEFAULT CHARSET=utf8 COMMENT='用户和角色关联表';

-- ----------------------------
-- Records of sys_user_role
-- ----------------------------
INSERT INTO `sys_user_role` VALUES ('1', '1');
INSERT INTO `sys_user_role` VALUES ('2', '2');
